"Country","Year","US100","UC1000","US100.lin_inter","US100.cst_inter","UC1000.lin_inter","UC1000.cst_inter"
"Australia",1970,NA,NA,NA,NA,NA,NA
"Australia",1971,0.149,0.255,0.149,0.149,0.255,0.255
"Australia",1972,0.233,0.336,0.233,0.233,0.336,0.336
"Australia",1973,0.268,0.575,0.268,0.268,0.575,0.575
"Australia",1974,0.266,0.518,0.266,0.266,0.518,0.518
"Australia",1975,0.261,0.505,0.261,0.261,0.505,0.505
"Australia",1976,0.289,0.627,0.289,0.289,0.627,0.627
"Australia",1977,0.309,0.642,0.309,0.309,0.642,0.642
"Australia",1978,0.305,0.625,0.305,0.305,0.625,0.625
"Australia",1979,0.296,0.616,0.296,0.296,0.616,0.616
"Australia",1980,0.25,0.536,0.25,0.25,0.536,0.536
"Australia",1981,0.234,0.536,0.234,0.234,0.536,0.536
"Australia",1982,0.224,0.506,0.224,0.224,0.506,0.506
"Australia",1983,0.246,0.535,0.246,0.246,0.535,0.535
"Australia",1984,0.262,0.58,0.262,0.262,0.58,0.58
"Australia",1985,0.261,0.588,0.261,0.261,0.588,0.588
"Australia",1986,0.29,0.626,0.29,0.29,0.626,0.626
"Australia",1987,0.298,0.641,0.298,0.298,0.641,0.641
"Australia",1988,0.302,0.67,0.302,0.302,0.67,0.67
"Australia",1989,0.29,0.641,0.29,0.29,0.641,0.641
"Australia",1990,0.301,0.661,0.301,0.301,0.661,0.661
"Australia",1991,0.31,0.695,0.31,0.31,0.695,0.695
"Australia",1992,0.322,0.721,0.322,0.322,0.721,0.721
"Australia",1993,0.309,0.7,0.309,0.309,0.7,0.7
"Australia",1994,0.299,0.682,0.299,0.299,0.682,0.682
"Australia",1995,0.297,0.675,0.297,0.297,0.675,0.675
"Australia",1996,0.309,0.694,0.309,0.309,0.694,0.694
"Australia",1997,0.3,0.679,0.3,0.3,0.679,0.679
"Australia",1998,0.289,0.656,0.289,0.289,0.656,0.656
"Australia",1999,0.287,0.654,0.287,0.287,0.654,0.654
"Australia",2000,0.275,0.651,0.275,0.275,0.651,0.651
"Australia",2001,0.274,0.665,0.274,0.274,0.665,0.665
"Australia",2002,0.26,0.637,0.26,0.26,0.637,0.637
"Australia",2003,0.256,0.628,0.256,0.256,0.628,0.628
"Australia",2004,0.26,0.561,0.26,0.26,0.561,0.561
"Australia",2005,0.254,0.608,0.254,0.254,0.608,0.608
"Australia",2006,0.251,0.6,0.251,0.251,0.6,0.6
"Australia",2007,0.247,0.537,0.247,0.247,0.537,0.537
"Australia",2008,0.239,0.524,0.239,0.239,0.524,0.524
"Australia",2009,0.234,0.515,0.234,0.234,0.515,0.515
"Australia",2010,0.228,0.501,0.228,0.228,0.501,0.501
"Australia",2011,0.224,0.533,0.224,0.224,0.533,0.533
"Austria",1970,0.397,0.484,0.397,0.397,0.484,0.484
"Austria",1971,0.491,0.554,0.491,0.491,0.554,0.554
"Austria",1972,0.439,0.499,0.439,0.439,0.499,0.499
"Austria",1973,0.38,0.444,0.38,0.38,0.444,0.444
"Austria",1974,0.463,0.532,0.463,0.463,0.532,0.532
"Austria",1975,0.4,0.477,0.4,0.4,0.477,0.477
"Austria",1976,0.357,0.442,0.357,0.357,0.442,0.442
"Austria",1977,0.445,0.503,0.445,0.445,0.503,0.503
"Austria",1978,0.538,0.605,0.538,0.538,0.605,0.605
"Austria",1979,0.541,0.661,0.541,0.541,0.661,0.661
"Austria",1980,0.548,0.665,0.548,0.548,0.665,0.665
"Austria",1981,0.55,0.669,0.55,0.55,0.669,0.669
"Austria",1982,0.547,0.668,0.547,0.547,0.668,0.668
"Austria",1983,0.539,0.659,0.539,0.539,0.659,0.659
"Austria",1984,0.552,0.68,0.552,0.552,0.68,0.68
"Austria",1985,0.555,0.686,0.555,0.555,0.686,0.686
"Austria",1986,0.563,0.69,0.563,0.563,0.69,0.69
"Austria",1987,0.553,0.68,0.553,0.553,0.68,0.68
"Austria",1988,0.554,0.679,0.554,0.554,0.679,0.679
"Austria",1989,0.54,0.653,0.54,0.54,0.653,0.653
"Austria",1990,0.539,0.652,0.539,0.539,0.652,0.652
"Austria",1991,0.561,0.673,0.561,0.561,0.673,0.673
"Austria",1992,0.566,0.678,0.566,0.566,0.678,0.678
"Austria",1993,0.568,0.661,0.568,0.568,0.661,0.661
"Austria",1994,0.552,0.639,0.552,0.552,0.639,0.639
"Austria",1995,0.563,0.646,0.563,0.563,0.646,0.646
"Austria",1996,0.555,0.639,0.555,0.555,0.639,0.639
"Austria",1997,0.556,0.64,0.556,0.556,0.64,0.64
"Austria",1998,0.556,0.64,0.556,0.556,0.64,0.64
"Austria",1999,0.559,0.639,0.559,0.559,0.639,0.639
"Austria",2000,0.547,0.681,0.547,0.547,0.681,0.681
"Austria",2001,0.55,0.743,0.55,0.55,0.743,0.743
"Austria",2002,0.55,0.741,0.55,0.55,0.741,0.741
"Austria",2003,0.55,0.745,0.55,0.55,0.745,0.745
"Austria",2004,0.55,0.739,0.55,0.55,0.739,0.739
"Austria",2005,0.55,0.733,0.55,0.55,0.733,0.733
"Austria",2006,0.55,0.73,0.55,0.55,0.73,0.73
"Austria",2007,0.55,0.726,0.55,0.55,0.726,0.726
"Austria",2008,0.55,0.723,0.55,0.55,0.723,0.723
"Austria",2009,0.55,0.731,0.55,0.55,0.731,0.731
"Austria",2010,0.55,0.729,0.55,0.55,0.729,0.729
"Austria",2011,0.55,0.726,0.55,0.55,0.726,0.726
"Belgium",1970,NA,NA,NA,NA,NA,NA
"Belgium",1971,NA,NA,NA,NA,NA,NA
"Belgium",1972,NA,NA,NA,NA,NA,NA
"Belgium",1973,NA,NA,NA,NA,NA,NA
"Belgium",1974,0.584,0.58,0.584,0.584,0.58,0.58
"Belgium",1975,0.595,0.59,0.595,0.595,0.59,0.59
"Belgium",1976,0.598,0.593,0.598,0.598,0.593,0.593
"Belgium",1977,NA,NA,0.606285714285714,0.598,0.614571428571429,0.593
"Belgium",1978,NA,NA,0.614571428571429,0.598,0.636142857142857,0.593
"Belgium",1979,NA,NA,0.622857142857143,0.598,0.657714285714286,0.593
"Belgium",1980,NA,NA,0.631142857142857,0.598,0.679285714285714,0.593
"Belgium",1981,NA,NA,0.639428571428571,0.598,0.700857142857143,0.593
"Belgium",1982,NA,NA,0.647714285714286,0.598,0.722428571428571,0.593
"Belgium",1983,0.656,0.744,0.656,0.656,0.744,0.744
"Belgium",1984,0.668,0.751,0.668,0.668,0.751,0.751
"Belgium",1985,0.683,0.75,0.683,0.683,0.75,0.75
"Belgium",1986,0.7,0.753,0.7,0.7,0.753,0.753
"Belgium",1987,0.689,0.759,0.689,0.689,0.759,0.759
"Belgium",1988,0.673,0.761,0.673,0.673,0.761,0.761
"Belgium",1989,0.653,0.753,0.653,0.653,0.753,0.753
"Belgium",1990,0.65,0.743,0.65,0.65,0.743,0.743
"Belgium",1991,0.644,0.732,0.644,0.644,0.732,0.732
"Belgium",1992,0.636,0.725,0.636,0.636,0.725,0.725
"Belgium",1993,0.65,0.738,0.65,0.65,0.738,0.738
"Belgium",1994,0.651,0.731,0.651,0.651,0.731,0.731
"Belgium",1995,0.649,0.725,0.649,0.649,0.725,0.725
"Belgium",1996,0.655,0.73,0.655,0.655,0.73,0.73
"Belgium",1997,0.648,0.724,0.648,0.648,0.724,0.724
"Belgium",1998,0.643,0.721,0.643,0.643,0.721,0.721
"Belgium",1999,0.632,0.719,0.632,0.632,0.719,0.719
"Belgium",2000,0.629,0.713,0.629,0.629,0.713,0.713
"Belgium",2001,0.618,0.745,0.618,0.618,0.745,0.745
"Belgium",2002,0.644,0.728,0.644,0.644,0.728,0.728
"Belgium",2003,0.634,0.719,0.634,0.634,0.719,0.719
"Belgium",2004,0.625,0.705,0.625,0.625,0.705,0.705
"Belgium",2005,0.622,0.699,0.622,0.622,0.699,0.699
"Belgium",2006,0.617,0.684,0.617,0.617,0.684,0.684
"Belgium",2007,0.613,0.678,0.613,0.613,0.678,0.678
"Belgium",2008,0.606,0.683,0.606,0.606,0.683,0.683
"Belgium",2009,0.619,0.682,0.619,0.619,0.682,0.682
"Belgium",2010,0.673,0.736,0.673,0.673,0.736,0.736
"Belgium",2011,0.668,0.731,0.668,0.668,0.731,0.731
"Canada",1970,NA,NA,NA,NA,NA,NA
"Canada",1971,NA,NA,NA,NA,NA,NA
"Canada",1972,0.686,0.703,0.686,0.686,0.703,0.703
"Canada",1973,0.69,0.709,0.69,0.69,0.709,0.709
"Canada",1974,0.666,0.688,0.666,0.666,0.688,0.688
"Canada",1975,0.641,0.664,0.641,0.641,0.664,0.664
"Canada",1976,0.638,0.671,0.638,0.638,0.671,0.671
"Canada",1977,0.633,0.661,0.633,0.633,0.661,0.661
"Canada",1978,0.643,0.674,0.643,0.643,0.674,0.674
"Canada",1979,0.591,0.613,0.591,0.591,0.613,0.613
"Canada",1980,0.582,0.612,0.582,0.582,0.612,0.612
"Canada",1981,0.587,0.602,0.587,0.587,0.602,0.602
"Canada",1982,0.587,0.588,0.587,0.587,0.588,0.588
"Canada",1983,0.622,0.634,0.622,0.622,0.634,0.634
"Canada",1984,0.641,0.66,0.641,0.641,0.66,0.66
"Canada",1985,0.644,0.673,0.644,0.644,0.673,0.673
"Canada",1986,0.643,0.678,0.643,0.643,0.678,0.678
"Canada",1987,0.644,0.682,0.644,0.644,0.682,0.682
"Canada",1988,0.639,0.657,0.639,0.639,0.657,0.657
"Canada",1989,0.638,0.662,0.638,0.638,0.662,0.662
"Canada",1990,0.638,0.666,0.638,0.638,0.666,0.666
"Canada",1991,0.638,0.67,0.638,0.638,0.67,0.67
"Canada",1992,0.629,0.66,0.629,0.629,0.66,0.66
"Canada",1993,0.63,0.651,0.63,0.63,0.651,0.651
"Canada",1994,0.604,0.628,0.604,0.604,0.628,0.628
"Canada",1995,0.605,0.628,0.605,0.605,0.628,0.628
"Canada",1996,0.607,0.666,0.607,0.607,0.666,0.666
"Canada",1997,0.598,0.658,0.598,0.598,0.658,0.658
"Canada",1998,0.601,0.66,0.601,0.601,0.66,0.66
"Canada",1999,0.606,0.663,0.606,0.606,0.663,0.663
"Canada",2000,0.598,0.652,0.598,0.598,0.652,0.652
"Canada",2001,0.592,0.647,0.592,0.592,0.647,0.647
"Canada",2002,0.592,0.642,0.592,0.592,0.642,0.642
"Canada",2003,0.589,0.637,0.589,0.589,0.637,0.637
"Canada",2004,0.579,0.63,0.579,0.579,0.63,0.63
"Canada",2005,0.568,0.617,0.568,0.568,0.617,0.617
"Canada",2006,0.558,0.608,0.558,0.558,0.608,0.608
"Canada",2007,0.56,0.611,0.56,0.56,0.611,0.611
"Canada",2008,0.559,0.607,0.559,0.559,0.607,0.607
"Canada",2009,0.568,0.615,0.568,0.568,0.615,0.615
"Canada",2010,0.558,0.607,0.558,0.558,0.607,0.607
"Canada",2011,0.554,0.605,0.554,0.554,0.605,0.605
"Denmark",1970,NA,NA,NA,NA,NA,NA
"Denmark",1971,0.863,0.898,0.863,0.863,0.898,0.898
"Denmark",1972,0.906,0.95,0.906,0.906,0.95,0.95
"Denmark",1973,0.857,0.908,0.857,0.857,0.908,0.908
"Denmark",1974,0.849,0.896,0.849,0.849,0.896,0.896
"Denmark",1975,0.845,0.884,0.845,0.845,0.884,0.884
"Denmark",1976,0.818,0.839,0.818,0.818,0.839,0.839
"Denmark",1977,0.836,0.855,0.836,0.836,0.855,0.855
"Denmark",1978,0.812,0.839,0.812,0.812,0.839,0.839
"Denmark",1979,0.799,0.827,0.799,0.799,0.827,0.827
"Denmark",1980,0.79,0.818,0.79,0.79,0.818,0.818
"Denmark",1981,0.784,0.813,0.784,0.784,0.813,0.813
"Denmark",1982,0.823,0.838,0.823,0.823,0.838,0.838
"Denmark",1983,0.792,0.852,0.792,0.792,0.852,0.852
"Denmark",1984,0.754,0.795,0.754,0.754,0.795,0.795
"Denmark",1985,0.736,0.779,0.736,0.736,0.779,0.779
"Denmark",1986,0.723,0.767,0.723,0.723,0.767,0.767
"Denmark",1987,0.645,0.688,0.645,0.645,0.688,0.688
"Denmark",1988,0.64,0.691,0.64,0.64,0.691,0.691
"Denmark",1989,0.682,0.727,0.682,0.682,0.727,0.727
"Denmark",1990,0.68,0.728,0.68,0.68,0.728,0.728
"Denmark",1991,0.673,0.722,0.673,0.673,0.722,0.722
"Denmark",1992,0.666,0.723,0.666,0.666,0.723,0.723
"Denmark",1993,0.662,0.717,0.662,0.662,0.717,0.717
"Denmark",1994,0.682,0.723,0.682,0.682,0.723,0.723
"Denmark",1995,0.647,0.69,0.647,0.647,0.69,0.69
"Denmark",1996,0.638,0.683,0.638,0.638,0.683,0.683
"Denmark",1997,0.631,0.672,0.631,0.631,0.672,0.672
"Denmark",1998,0.617,0.656,0.617,0.617,0.656,0.656
"Denmark",1999,0.616,0.66,0.616,0.616,0.66,0.66
"Denmark",2000,0.608,0.655,0.608,0.608,0.655,0.655
"Denmark",2001,0.606,0.654,0.606,0.606,0.654,0.654
"Denmark",2002,0.596,0.646,0.596,0.596,0.646,0.646
"Denmark",2003,0.588,0.634,0.588,0.588,0.634,0.634
"Denmark",2004,0.582,0.635,0.582,0.582,0.635,0.635
"Denmark",2005,0.576,0.632,0.576,0.576,0.632,0.632
"Denmark",2006,0.57,0.625,0.57,0.57,0.625,0.625
"Denmark",2007,0.521,0.561,0.521,0.521,0.561,0.561
"Denmark",2008,0.493,0.521,0.493,0.493,0.521,0.521
"Denmark",2009,0.476,0.51,0.476,0.476,0.51,0.51
"Denmark",2010,0.564,0.588,0.564,0.564,0.588,0.588
"Denmark",2011,0.562,0.586,0.562,0.562,0.586,0.586
"Finland",1970,NA,NA,NA,NA,NA,NA
"Finland",1971,0.403,0.483,0.403,0.403,0.483,0.483
"Finland",1972,0.546,0.853,0.546,0.546,0.853,0.853
"Finland",1973,0.485,0.761,0.485,0.485,0.761,0.761
"Finland",1974,0.502,0.638,0.502,0.502,0.638,0.638
"Finland",1975,0.418,0.509,0.418,0.418,0.509,0.509
"Finland",1976,0.476,0.615,0.476,0.476,0.615,0.615
"Finland",1977,0.43,0.579,0.43,0.43,0.579,0.579
"Finland",1978,0.396,0.539,0.396,0.396,0.539,0.539
"Finland",1979,0.367,0.503,0.367,0.367,0.503,0.503
"Finland",1980,0.344,0.479,0.344,0.344,0.479,0.479
"Finland",1981,0.33,0.496,0.33,0.33,0.496,0.496
"Finland",1982,0.328,0.494,0.328,0.328,0.494,0.494
"Finland",1983,0.342,0.54,0.342,0.342,0.54,0.54
"Finland",1984,0.315,0.504,0.315,0.315,0.504,0.504
"Finland",1985,0.587,0.636,0.587,0.587,0.636,0.636
"Finland",1986,0.582,0.626,0.582,0.582,0.626,0.626
"Finland",1987,0.58,0.623,0.58,0.58,0.623,0.623
"Finland",1988,0.579,0.622,0.579,0.579,0.622,0.622
"Finland",1989,0.636,0.664,0.636,0.636,0.664,0.664
"Finland",1990,0.627,0.662,0.627,0.627,0.662,0.662
"Finland",1991,0.647,0.685,0.647,0.647,0.685,0.685
"Finland",1992,0.658,0.684,0.658,0.658,0.684,0.684
"Finland",1993,0.657,0.706,0.657,0.657,0.706,0.706
"Finland",1994,0.665,0.783,0.665,0.665,0.783,0.783
"Finland",1995,0.638,0.748,0.638,0.638,0.748,0.748
"Finland",1996,0.626,0.734,0.626,0.626,0.734,0.734
"Finland",1997,0.614,0.721,0.614,0.614,0.721,0.721
"Finland",1998,0.615,0.723,0.615,0.615,0.723,0.723
"Finland",1999,0.598,0.703,0.598,0.598,0.703,0.703
"Finland",2000,0.584,0.687,0.584,0.584,0.687,0.687
"Finland",2001,0.578,0.679,0.578,0.578,0.679,0.679
"Finland",2002,0.579,0.678,0.579,0.579,0.678,0.678
"Finland",2003,0.591,0.684,0.591,0.591,0.684,0.684
"Finland",2004,0.59,0.683,0.59,0.59,0.683,0.683
"Finland",2005,0.578,0.67,0.578,0.578,0.67,0.67
"Finland",2006,0.571,0.664,0.571,0.571,0.664,0.664
"Finland",2007,0.558,0.651,0.558,0.558,0.651,0.651
"Finland",2008,0.534,0.625,0.534,0.534,0.625,0.625
"Finland",2009,0.537,0.628,0.537,0.537,0.628,0.628
"Finland",2010,0.565,0.651,0.565,0.565,0.651,0.651
"Finland",2011,0.563,0.649,0.563,0.563,0.649,0.649
"France",1970,NA,NA,NA,NA,NA,NA
"France",1971,NA,NA,NA,NA,NA,NA
"France",1972,NA,NA,NA,NA,NA,NA
"France",1973,NA,NA,NA,NA,NA,NA
"France",1974,NA,NA,NA,NA,NA,NA
"France",1975,0.611,0.635,0.611,0.611,0.635,0.635
"France",1976,0.592,0.593,0.592,0.592,0.593,0.593
"France",1977,NA,NA,0.603833333333333,0.592,0.609,0.593
"France",1978,NA,NA,0.615666666666667,0.592,0.625,0.593
"France",1979,NA,NA,0.6275,0.592,0.641,0.593
"France",1980,NA,NA,0.639333333333333,0.592,0.657,0.593
"France",1981,NA,NA,0.651166666666667,0.592,0.673,0.593
"France",1982,0.663,0.689,0.663,0.663,0.689,0.689
"France",1983,0.66,0.689,0.66,0.66,0.689,0.689
"France",1984,NA,NA,0.691,0.66,0.706,0.689
"France",1985,0.722,0.723,0.722,0.722,0.723,0.723
"France",1986,NA,NA,0.7345,0.722,0.733,0.723
"France",1987,0.747,0.743,0.747,0.747,0.743,0.743
"France",1988,0.741,0.737,0.741,0.741,0.737,0.737
"France",1989,0.743,0.739,0.743,0.743,0.739,0.739
"France",1990,NA,NA,0.734,0.743,0.73,0.739
"France",1991,0.725,0.721,0.725,0.725,0.721,0.721
"France",1992,0.726,0.722,0.726,0.726,0.722,0.722
"France",1993,0.73,0.727,0.73,0.73,0.727,0.727
"France",1994,0.733,0.724,0.733,0.733,0.724,0.724
"France",1995,0.74,0.73,0.74,0.74,0.73,0.73
"France",1996,0.743,0.732,0.743,0.743,0.732,0.732
"France",1997,0.725,0.715,0.725,0.725,0.715,0.715
"France",1998,0.697,0.687,0.697,0.697,0.687,0.687
"France",1999,0.696,0.686,0.696,0.696,0.686,0.686
"France",2000,0.701,0.694,0.701,0.701,0.694,0.694
"France",2001,0.688,0.694,0.688,0.688,0.694,0.694
"France",2002,0.696,0.7,0.696,0.696,0.7,0.7
"France",2003,0.708,0.704,0.708,0.708,0.704,0.704
"France",2004,0.706,0.704,0.706,0.706,0.704,0.704
"France",2005,0.704,0.702,0.704,0.704,0.702,0.702
"France",2006,0.715,0.702,0.715,0.715,0.702,0.702
"France",2007,0.708,0.697,0.708,0.708,0.697,0.697
"France",2008,0.707,0.696,0.707,0.707,0.696,0.696
"France",2009,0.708,0.694,0.708,0.708,0.694,0.694
"France",2010,0.708,0.697,0.708,0.708,0.697,0.697
"France",2011,0.706,0.696,0.706,0.706,0.696,0.696
"Germany",1970,NA,NA,NA,NA,NA,NA
"Germany",1971,0.625,0.634,0.625,0.625,0.634,0.634
"Germany",1972,0.625,0.633,0.625,0.625,0.633,0.633
"Germany",1973,0.625,0.632,0.625,0.625,0.632,0.632
"Germany",1974,0.625,0.658,0.625,0.625,0.658,0.658
"Germany",1975,0.68,0.705,0.68,0.68,0.705,0.705
"Germany",1976,0.68,0.703,0.68,0.68,0.703,0.703
"Germany",1977,0.68,0.702,0.68,0.68,0.702,0.702
"Germany",1978,0.68,0.702,0.68,0.68,0.702,0.702
"Germany",1979,0.68,0.703,0.68,0.68,0.703,0.703
"Germany",1980,0.68,0.703,0.68,0.68,0.703,0.703
"Germany",1981,0.68,0.702,0.68,0.68,0.702,0.702
"Germany",1982,0.68,0.701,0.68,0.68,0.701,0.701
"Germany",1983,0.68,0.7,0.68,0.68,0.7,0.7
"Germany",1984,0.63,0.7,0.63,0.63,0.7,0.7
"Germany",1985,0.63,0.7,0.63,0.63,0.7,0.7
"Germany",1986,0.63,0.699,0.63,0.63,0.699,0.699
"Germany",1987,0.63,0.698,0.63,0.63,0.698,0.698
"Germany",1988,0.63,0.698,0.63,0.63,0.698,0.698
"Germany",1989,0.63,0.697,0.63,0.63,0.697,0.697
"Germany",1990,0.63,0.698,0.63,0.63,0.698,0.698
"Germany",1991,0.63,0.699,0.63,0.63,0.699,0.699
"Germany",1992,0.63,0.699,0.63,0.63,0.699,0.699
"Germany",1993,0.63,0.699,0.63,0.63,0.699,0.699
"Germany",1994,0.6,0.689,0.6,0.6,0.689,0.689
"Germany",1995,0.6,0.689,0.6,0.6,0.689,0.689
"Germany",1996,0.6,0.705,0.6,0.6,0.705,0.705
"Germany",1997,0.6,0.709,0.6,0.6,0.709,0.709
"Germany",1998,0.6,0.708,0.6,0.6,0.708,0.708
"Germany",1999,0.6,0.708,0.6,0.6,0.708,0.708
"Germany",2000,0.6,0.713,0.6,0.6,0.713,0.713
"Germany",2001,0.6,0.713,0.6,0.6,0.713,0.713
"Germany",2002,0.6,0.716,0.6,0.6,0.716,0.716
"Germany",2003,0.6,0.715,0.6,0.6,0.715,0.715
"Germany",2004,0.6,0.713,0.6,0.6,0.713,0.713
"Germany",2005,0.6,0.713,0.6,0.6,0.713,0.713
"Germany",2006,0.6,0.713,0.6,0.6,0.713,0.713
"Germany",2007,0.6,0.712,0.6,0.6,0.712,0.712
"Germany",2008,0.6,0.711,0.6,0.6,0.711,0.711
"Germany",2009,0.6,0.713,0.6,0.6,0.713,0.713
"Germany",2010,0.6,0.717,0.6,0.6,0.717,0.717
"Germany",2011,0.6,0.715,0.6,0.6,0.715,0.715
"Ireland",1970,NA,NA,NA,NA,NA,NA
"Ireland",1971,0.244,0.467,0.244,0.244,0.467,0.467
"Ireland",1972,0.24,0.449,0.24,0.24,0.449,0.449
"Ireland",1973,0.235,0.457,0.235,0.235,0.457,0.457
"Ireland",1974,0.469,0.738,0.469,0.469,0.738,0.738
"Ireland",1975,0.514,0.779,0.514,0.514,0.779,0.779
"Ireland",1976,0.495,0.748,0.495,0.495,0.748,0.748
"Ireland",1977,0.447,0.704,0.447,0.447,0.704,0.704
"Ireland",1978,0.425,0.68,0.425,0.425,0.68,0.68
"Ireland",1979,0.598,0.817,0.598,0.598,0.817,0.817
"Ireland",1980,0.588,0.822,0.588,0.588,0.822,0.822
"Ireland",1981,0.539,0.786,0.539,0.539,0.786,0.786
"Ireland",1982,0.598,0.847,0.598,0.598,0.847,0.847
"Ireland",1983,0.481,0.718,0.481,0.481,0.718,0.718
"Ireland",1984,0.475,0.715,0.475,0.475,0.715,0.715
"Ireland",1985,0.486,0.732,0.486,0.486,0.732,0.732
"Ireland",1986,0.462,0.697,0.462,0.462,0.697,0.697
"Ireland",1987,0.387,0.633,0.387,0.387,0.633,0.633
"Ireland",1988,0.37,0.614,0.37,0.37,0.614,0.614
"Ireland",1989,0.36,0.595,0.36,0.36,0.595,0.595
"Ireland",1990,0.352,0.586,0.352,0.352,0.586,0.586
"Ireland",1991,0.35,0.589,0.35,0.35,0.589,0.589
"Ireland",1992,0.338,0.581,0.338,0.338,0.581,0.581
"Ireland",1993,0.337,0.578,0.337,0.337,0.578,0.578
"Ireland",1994,0.338,0.584,0.338,0.338,0.584,0.584
"Ireland",1995,0.354,0.605,0.354,0.354,0.605,0.605
"Ireland",1996,0.305,0.586,0.305,0.305,0.586,0.586
"Ireland",1997,0.304,0.585,0.304,0.304,0.585,0.585
"Ireland",1998,0.298,0.569,0.298,0.298,0.569,0.569
"Ireland",1999,0.299,0.547,0.299,0.299,0.547,0.547
"Ireland",2000,0.277,0.504,0.277,0.277,0.504,0.504
"Ireland",2001,0.286,0.525,0.286,0.286,0.525,0.525
"Ireland",2002,0.292,0.549,0.292,0.292,0.549,0.549
"Ireland",2003,0.288,0.555,0.288,0.288,0.555,0.555
"Ireland",2004,0.305,0.581,0.305,0.305,0.581,0.581
"Ireland",2005,0.311,0.587,0.311,0.311,0.587,0.587
"Ireland",2006,0.337,0.641,0.337,0.337,0.641,0.641
"Ireland",2007,0.369,0.703,0.369,0.369,0.703,0.703
"Ireland",2008,0.38,0.704,0.38,0.38,0.704,0.704
"Ireland",2009,0.392,0.724,0.392,0.392,0.724,0.724
"Ireland",2010,0.394,0.736,0.394,0.394,0.736,0.736
"Ireland",2011,0.37,0.705,0.37,0.37,0.705,0.705
"Italy",1970,NA,NA,NA,NA,NA,NA
"Italy",1971,0.093,0.22,0.093,0.093,0.22,0.22
"Italy",1972,0.083,0.197,0.083,0.083,0.197,0.197
"Italy",1973,0.069,0.17,0.069,0.069,0.17,0.17
"Italy",1974,0.056,0.141,0.056,0.056,0.141,0.141
"Italy",1975,0.105,0.163,0.105,0.105,0.163,0.163
"Italy",1976,0.089,0.159,0.089,0.089,0.159,0.159
"Italy",1977,0.073,0.125,0.073,0.073,0.125,0.125
"Italy",1978,0.065,0.126,0.065,0.065,0.126,0.126
"Italy",1979,0.054,0.111,0.054,0.054,0.111,0.111
"Italy",1980,0.047,0.125,0.047,0.047,0.125,0.125
"Italy",1981,0.037,0.112,0.037,0.037,0.112,0.112
"Italy",1982,0.033,0.101,0.033,0.033,0.101,0.101
"Italy",1983,0.031,0.126,0.031,0.031,0.126,0.126
"Italy",1984,0.029,0.138,0.029,0.029,0.138,0.138
"Italy",1985,0.024,0.145,0.024,0.024,0.145,0.145
"Italy",1986,0.023,0.204,0.023,0.023,0.204,0.204
"Italy",1987,0.021,0.177,0.021,0.021,0.177,0.177
"Italy",1988,0.02,0.156,0.02,0.02,0.156,0.156
"Italy",1989,0.205,0.306,0.205,0.205,0.306,0.306
"Italy",1990,0.2,0.286,0.2,0.2,0.286,0.286
"Italy",1991,0.201,0.282,0.201,0.201,0.282,0.282
"Italy",1992,0.27,0.34,0.27,0.27,0.34,0.34
"Italy",1993,0.27,0.339,0.27,0.27,0.339,0.339
"Italy",1994,0.273,0.337,0.273,0.273,0.337,0.337
"Italy",1995,0.276,0.343,0.276,0.276,0.343,0.343
"Italy",1996,0.399,0.53,0.399,0.399,0.53,0.53
"Italy",1997,0.4,0.515,0.4,0.4,0.515,0.515
"Italy",1998,0.398,0.504,0.398,0.398,0.504,0.504
"Italy",1999,0.398,0.503,0.398,0.398,0.503,0.503
"Italy",2000,0.416,0.495,0.416,0.416,0.495,0.495
"Italy",2001,0.409,0.49,0.409,0.409,0.49,0.49
"Italy",2002,0.494,0.615,0.494,0.494,0.615,0.615
"Italy",2003,0.52,0.625,0.52,0.52,0.625,0.625
"Italy",2004,0.52,0.628,0.52,0.52,0.628,0.628
"Italy",2005,0.515,0.613,0.515,0.515,0.613,0.613
"Italy",2006,0.606,0.725,0.606,0.606,0.725,0.725
"Italy",2007,0.596,0.714,0.596,0.596,0.714,0.714
"Italy",2008,0.574,0.692,0.574,0.574,0.692,0.692
"Italy",2009,0.562,0.679,0.562,0.562,0.679,0.679
"Italy",2010,0.55,0.669,0.55,0.55,0.669,0.669
"Italy",2011,0.556,0.67,0.556,0.556,0.67,0.67
"Japan",1970,NA,NA,NA,NA,NA,NA
"Japan",1971,0.689,0.684,0.689,0.689,0.684,0.684
"Japan",1972,NA,NA,0.676,0.689,0.677,0.684
"Japan",1973,0.663,0.67,0.663,0.663,0.67,0.67
"Japan",1974,0.66,0.661,0.66,0.66,0.661,0.661
"Japan",1975,0.657,0.658,0.657,0.657,0.658,0.658
"Japan",1976,0.667,0.666,0.667,0.667,0.666,0.666
"Japan",1977,0.669,0.676,0.669,0.669,0.676,0.676
"Japan",1978,0.671,0.673,0.671,0.671,0.673,0.673
"Japan",1979,0.686,0.667,0.686,0.686,0.667,0.667
"Japan",1980,0.688,0.646,0.688,0.688,0.646,0.646
"Japan",1981,0.691,0.649,0.691,0.691,0.649,0.649
"Japan",1982,0.694,0.651,0.694,0.694,0.651,0.651
"Japan",1983,0.728,0.664,0.728,0.728,0.664,0.664
"Japan",1984,0.577,0.538,0.577,0.577,0.538,0.538
"Japan",1985,0.59,0.537,0.59,0.59,0.537,0.537
"Japan",1986,0.58,0.541,0.58,0.58,0.541,0.541
"Japan",1987,0.586,0.539,0.586,0.586,0.539,0.539
"Japan",1988,0.574,0.537,0.574,0.574,0.537,0.537
"Japan",1989,0.571,0.539,0.571,0.571,0.539,0.539
"Japan",1990,0.574,0.535,0.574,0.574,0.535,0.535
"Japan",1991,0.619,0.585,0.619,0.619,0.585,0.585
"Japan",1992,0.613,0.575,0.613,0.613,0.575,0.575
"Japan",1993,0.614,0.575,0.614,0.614,0.575,0.575
"Japan",1994,0.624,0.594,0.624,0.624,0.594,0.594
"Japan",1995,0.615,0.586,0.615,0.615,0.586,0.586
"Japan",1996,0.576,0.546,0.576,0.576,0.546,0.546
"Japan",1997,0.596,0.569,0.596,0.596,0.569,0.569
"Japan",1998,0.6,0.573,0.6,0.6,0.573,0.573
"Japan",1999,0.596,0.569,0.596,0.596,0.569,0.569
"Japan",2000,0.629,0.601,0.629,0.629,0.601,0.601
"Japan",2001,0.625,0.598,0.625,0.625,0.598,0.598
"Japan",2002,0.677,0.647,0.677,0.677,0.647,0.647
"Japan",2003,0.583,0.557,0.583,0.583,0.557,0.557
"Japan",2004,0.585,0.559,0.585,0.585,0.559,0.559
"Japan",2005,0.582,0.556,0.582,0.582,0.556,0.556
"Japan",2006,0.581,0.555,0.581,0.581,0.555,0.555
"Japan",2007,0.571,0.529,0.571,0.571,0.529,0.529
"Japan",2008,0.569,0.526,0.569,0.569,0.526,0.526
"Japan",2009,0.587,0.542,0.587,0.587,0.542,0.542
"Japan",2010,0.577,0.506,0.577,0.577,0.506,0.506
"Japan",2011,0.617,0.543,0.617,0.617,0.543,0.543
"Netherlands",1970,NA,NA,NA,NA,NA,NA
"Netherlands",1971,NA,NA,NA,NA,NA,NA
"Netherlands",1972,NA,NA,NA,NA,NA,NA
"Netherlands",1973,NA,NA,NA,NA,NA,NA
"Netherlands",1974,NA,NA,NA,NA,NA,NA
"Netherlands",1975,0.847,0.855,0.847,0.847,0.855,0.855
"Netherlands",1976,0.849,0.856,0.849,0.849,0.856,0.856
"Netherlands",1977,0.845,0.854,0.845,0.845,0.854,0.854
"Netherlands",1978,0.848,0.853,0.848,0.848,0.853,0.853
"Netherlands",1979,0.846,0.855,0.846,0.846,0.855,0.855
"Netherlands",1980,0.851,0.854,0.851,0.851,0.854,0.854
"Netherlands",1981,0.838,0.86,0.838,0.838,0.86,0.86
"Netherlands",1982,0.866,0.878,0.866,0.866,0.878,0.878
"Netherlands",1983,0.881,0.89,0.881,0.881,0.89,0.89
"Netherlands",1984,0.853,0.888,0.853,0.853,0.888,0.888
"Netherlands",1985,0.755,0.805,0.755,0.755,0.805,0.805
"Netherlands",1986,0.761,0.804,0.761,0.761,0.804,0.804
"Netherlands",1987,0.764,0.803,0.764,0.764,0.803,0.803
"Netherlands",1988,0.762,0.803,0.762,0.762,0.803,0.803
"Netherlands",1989,0.758,0.794,0.758,0.758,0.794,0.794
"Netherlands",1990,0.779,0.764,0.779,0.779,0.764,0.764
"Netherlands",1991,0.78,0.764,0.78,0.78,0.764,0.764
"Netherlands",1992,0.789,0.774,0.789,0.789,0.774,0.774
"Netherlands",1993,0.786,0.774,0.786,0.786,0.774,0.774
"Netherlands",1994,0.77,0.764,0.77,0.77,0.764,0.764
"Netherlands",1995,0.766,0.76,0.766,0.766,0.76,0.76
"Netherlands",1996,0.762,0.758,0.762,0.762,0.758,0.758
"Netherlands",1997,0.771,0.764,0.771,0.771,0.764,0.764
"Netherlands",1998,0.777,0.762,0.777,0.777,0.762,0.762
"Netherlands",1999,0.772,0.765,0.772,0.772,0.765,0.765
"Netherlands",2000,0.785,0.772,0.785,0.785,0.772,0.772
"Netherlands",2001,0.786,0.78,0.786,0.786,0.78,0.78
"Netherlands",2002,0.787,0.78,0.787,0.787,0.78,0.78
"Netherlands",2003,0.784,0.785,0.784,0.784,0.785,0.785
"Netherlands",2004,0.787,0.788,0.787,0.787,0.788,0.788
"Netherlands",2005,0.789,0.79,0.789,0.789,0.79,0.79
"Netherlands",2006,0.799,0.78,0.799,0.799,0.78,0.78
"Netherlands",2007,0.786,0.778,0.786,0.786,0.778,0.778
"Netherlands",2008,0.791,0.78,0.791,0.791,0.78,0.78
"Netherlands",2009,0.832,0.818,0.832,0.832,0.818,0.818
"Netherlands",2010,0.83,0.817,0.83,0.83,0.817,0.817
"Netherlands",2011,0.804,0.783,0.804,0.804,0.783,0.783
"New Zealand",1970,NA,NA,NA,NA,NA,NA
"New Zealand",1971,0.263,0.528,0.263,0.263,0.528,0.528
"New Zealand",1972,NA,NA,0.2925,0.263,0.575,0.528
"New Zealand",1973,0.322,0.622,0.322,0.322,0.622,0.622
"New Zealand",1974,NA,NA,0.3345,0.322,0.569,0.622
"New Zealand",1975,0.347,0.516,0.347,0.347,0.516,0.516
"New Zealand",1976,NA,NA,0.352,0.347,0.5665,0.516
"New Zealand",1977,0.357,0.617,0.357,0.357,0.617,0.617
"New Zealand",1978,NA,NA,0.357,0.357,0.588,0.617
"New Zealand",1979,0.357,0.559,0.357,0.357,0.559,0.559
"New Zealand",1980,NA,NA,0.3315,0.357,0.5885,0.559
"New Zealand",1981,0.306,0.618,0.306,0.306,0.618,0.618
"New Zealand",1982,0.317,0.643,0.317,0.317,0.643,0.643
"New Zealand",1983,0.358,0.721,0.358,0.358,0.721,0.721
"New Zealand",1984,0.349,0.68,0.349,0.349,0.68,0.68
"New Zealand",1985,0.361,0.691,0.361,0.361,0.691,0.691
"New Zealand",1986,0.38,0.744,0.38,0.38,0.744,0.744
"New Zealand",1987,0.374,0.758,0.374,0.374,0.758,0.758
"New Zealand",1988,0.362,0.744,0.362,0.362,0.744,0.744
"New Zealand",1989,0.342,0.713,0.342,0.342,0.713,0.713
"New Zealand",1990,0.34,0.719,0.34,0.34,0.719,0.719
"New Zealand",1991,0.3,0.653,0.3,0.3,0.653,0.653
"New Zealand",1992,0.295,0.649,0.295,0.295,0.649,0.649
"New Zealand",1993,0.295,0.65,0.295,0.295,0.65,0.65
"New Zealand",1994,0.29,0.656,0.29,0.29,0.656,0.656
"New Zealand",1995,0.293,0.645,0.293,0.293,0.645,0.645
"New Zealand",1996,0.284,0.618,0.284,0.284,0.618,0.618
"New Zealand",1997,0.28,0.606,0.28,0.28,0.606,0.606
"New Zealand",1998,0.269,0.586,0.269,0.269,0.586,0.586
"New Zealand",1999,0.269,0.583,0.269,0.269,0.583,0.583
"New Zealand",2000,0.263,0.576,0.263,0.263,0.576,0.576
"New Zealand",2001,0.262,0.58,0.262,0.262,0.58,0.58
"New Zealand",2002,0.257,0.576,0.257,0.257,0.576,0.576
"New Zealand",2003,0.255,0.577,0.255,0.255,0.577,0.577
"New Zealand",2004,0.258,0.58,0.258,0.258,0.58,0.58
"New Zealand",2005,0.26,0.576,0.26,0.26,0.576,0.576
"New Zealand",2006,0.261,0.519,0.261,0.261,0.519,0.519
"New Zealand",2007,0.257,0.527,0.257,0.257,0.527,0.527
"New Zealand",2008,0.255,0.528,0.255,0.255,0.528,0.528
"New Zealand",2009,0.245,0.508,0.245,0.245,0.508,0.508
"New Zealand",2010,0.245,0.506,0.245,0.245,0.506,0.506
"New Zealand",2011,0.243,0.501,0.243,0.243,0.501,0.501
"Norway",1970,NA,NA,NA,NA,NA,NA
"Norway",1971,0.518,0.682,0.518,0.518,0.682,0.682
"Norway",1972,0.514,0.669,0.514,0.514,0.669,0.669
"Norway",1973,0.52,0.651,0.52,0.52,0.651,0.651
"Norway",1974,0.511,0.615,0.511,0.511,0.615,0.615
"Norway",1975,0.599,0.671,0.599,0.599,0.671,0.671
"Norway",1976,0.632,0.669,0.632,0.632,0.669,0.669
"Norway",1977,0.616,0.678,0.616,0.616,0.678,0.678
"Norway",1978,0.609,0.66,0.609,0.609,0.66,0.66
"Norway",1979,0.62,0.669,0.62,0.62,0.669,0.669
"Norway",1980,0.702,0.753,0.702,0.702,0.753,0.753
"Norway",1981,0.681,0.734,0.681,0.681,0.734,0.734
"Norway",1982,0.681,0.745,0.681,0.681,0.745,0.745
"Norway",1983,0.668,0.734,0.668,0.668,0.734,0.734
"Norway",1984,0.667,0.724,0.667,0.667,0.724,0.724
"Norway",1985,0.671,0.731,0.671,0.671,0.731,0.731
"Norway",1986,0.666,0.726,0.666,0.666,0.726,0.726
"Norway",1987,0.673,0.732,0.673,0.673,0.732,0.732
"Norway",1988,0.673,0.726,0.673,0.673,0.726,0.726
"Norway",1989,0.677,0.732,0.677,0.677,0.732,0.732
"Norway",1990,0.675,0.732,0.675,0.675,0.732,0.732
"Norway",1991,0.669,0.731,0.669,0.669,0.731,0.731
"Norway",1992,0.655,0.734,0.655,0.655,0.734,0.734
"Norway",1993,0.655,0.732,0.655,0.655,0.732,0.732
"Norway",1994,0.656,0.732,0.656,0.656,0.732,0.732
"Norway",1995,0.66,0.734,0.66,0.66,0.734,0.734
"Norway",1996,0.66,0.731,0.66,0.66,0.731,0.731
"Norway",1997,0.658,0.73,0.658,0.658,0.73,0.73
"Norway",1998,0.658,0.727,0.658,0.658,0.727,0.727
"Norway",1999,0.658,0.741,0.658,0.658,0.741,0.741
"Norway",2000,0.659,0.732,0.659,0.659,0.732,0.732
"Norway",2001,0.657,0.732,0.657,0.657,0.732,0.732
"Norway",2002,0.66,0.73,0.66,0.66,0.73,0.73
"Norway",2003,0.661,0.727,0.661,0.661,0.727,0.727
"Norway",2004,0.661,0.726,0.661,0.661,0.726,0.726
"Norway",2005,0.662,0.727,0.662,0.662,0.727,0.727
"Norway",2006,0.665,0.725,0.665,0.665,0.725,0.725
"Norway",2007,0.664,0.722,0.664,0.664,0.722,0.722
"Norway",2008,0.664,0.72,0.664,0.664,0.72,0.72
"Norway",2009,0.666,0.722,0.666,0.666,0.722,0.722
"Norway",2010,0.668,0.723,0.668,0.668,0.723,0.723
"Norway",2011,0.665,0.717,0.665,0.665,0.717,0.717
"Sweden",1970,NA,NA,NA,NA,NA,NA
"Sweden",1971,0.713,0.686,0.713,0.713,0.686,0.686
"Sweden",1972,0.801,0.76,0.801,0.801,0.76,0.76
"Sweden",1973,0.723,0.701,0.723,0.723,0.701,0.701
"Sweden",1974,0.95,0.898,0.95,0.95,0.898,0.898
"Sweden",1975,0.826,0.853,0.826,0.826,0.853,0.853
"Sweden",1976,0.762,0.797,0.762,0.762,0.797,0.797
"Sweden",1977,0.838,0.861,0.838,0.838,0.861,0.861
"Sweden",1978,0.786,0.816,0.786,0.786,0.816,0.816
"Sweden",1979,0.801,0.83,0.801,0.801,0.83,0.83
"Sweden",1980,0.805,0.832,0.805,0.805,0.832,0.832
"Sweden",1981,0.792,0.82,0.792,0.792,0.82,0.82
"Sweden",1982,0.75,0.782,0.75,0.75,0.782,0.782
"Sweden",1983,0.876,0.892,0.876,0.876,0.892,0.892
"Sweden",1984,0.816,0.838,0.816,0.816,0.838,0.838
"Sweden",1985,0.804,0.833,0.804,0.804,0.833,0.833
"Sweden",1986,0.799,0.827,0.799,0.799,0.827,0.827
"Sweden",1987,0.838,0.862,0.838,0.838,0.862,0.862
"Sweden",1988,0.856,0.877,0.856,0.856,0.877,0.877
"Sweden",1989,0.861,0.88,0.861,0.861,0.88,0.88
"Sweden",1990,0.851,0.871,0.851,0.851,0.871,0.871
"Sweden",1991,0.875,0.892,0.875,0.875,0.892,0.892
"Sweden",1992,0.864,0.881,0.864,0.864,0.881,0.881
"Sweden",1993,0.848,0.868,0.848,0.848,0.868,0.868
"Sweden",1994,0.805,0.829,0.805,0.805,0.829,0.829
"Sweden",1995,0.786,0.813,0.786,0.786,0.813,0.813
"Sweden",1996,0.735,0.762,0.735,0.735,0.762,0.762
"Sweden",1997,0.72,0.748,0.72,0.72,0.748,0.748
"Sweden",1998,0.717,0.749,0.717,0.717,0.749,0.749
"Sweden",1999,0.701,0.734,0.701,0.701,0.734,0.734
"Sweden",2000,0.672,0.71,0.672,0.672,0.71,0.71
"Sweden",2001,0.676,0.717,0.676,0.676,0.717,0.717
"Sweden",2002,0.748,0.778,0.748,0.748,0.778,0.778
"Sweden",2003,0.785,0.81,0.785,0.785,0.81,0.81
"Sweden",2004,0.776,0.802,0.776,0.776,0.802,0.802
"Sweden",2005,0.755,0.782,0.755,0.755,0.782,0.782
"Sweden",2006,0.736,0.769,0.736,0.736,0.769,0.769
"Sweden",2007,0.669,0.707,0.669,0.669,0.707,0.707
"Sweden",2008,0.641,0.681,0.641,0.641,0.681,0.681
"Sweden",2009,0.618,0.658,0.618,0.618,0.658,0.658
"Sweden",2010,0.617,0.656,0.617,0.617,0.656,0.656
"Sweden",2011,0.603,0.644,0.603,0.603,0.644,0.644
"Switzerland",1970,NA,NA,NA,NA,NA,NA
"Switzerland",1971,NA,NA,NA,NA,NA,NA
"Switzerland",1972,NA,NA,NA,NA,NA,NA
"Switzerland",1973,NA,NA,NA,NA,NA,NA
"Switzerland",1974,0.297,0.383,0.297,0.297,0.383,0.383
"Switzerland",1975,0.496,0.578,0.496,0.496,0.578,0.578
"Switzerland",1976,0.662,0.75,0.662,0.662,0.75,0.75
"Switzerland",1977,0.662,0.823,0.662,0.662,0.823,0.823
"Switzerland",1978,0.663,0.819,0.663,0.663,0.819,0.819
"Switzerland",1979,0.664,0.815,0.664,0.664,0.815,0.815
"Switzerland",1980,0.665,0.811,0.665,0.665,0.811,0.811
"Switzerland",1981,0.666,0.807,0.666,0.666,0.807,0.807
"Switzerland",1982,0.686,0.844,0.686,0.686,0.844,0.844
"Switzerland",1983,0.681,0.808,0.681,0.681,0.808,0.808
"Switzerland",1984,0.707,0.806,0.707,0.707,0.806,0.806
"Switzerland",1985,0.707,0.808,0.707,0.707,0.808,0.808
"Switzerland",1986,0.714,0.811,0.714,0.714,0.811,0.811
"Switzerland",1987,0.705,0.81,0.705,0.705,0.81,0.81
"Switzerland",1988,0.701,0.815,0.701,0.701,0.815,0.815
"Switzerland",1989,0.705,0.812,0.705,0.705,0.812,0.812
"Switzerland",1990,0.705,0.81,0.705,0.705,0.81,0.81
"Switzerland",1991,0.705,0.809,0.705,0.705,0.809,0.809
"Switzerland",1992,0.803,0.813,0.803,0.803,0.813,0.813
"Switzerland",1993,0.727,0.83,0.727,0.727,0.83,0.83
"Switzerland",1994,0.717,0.822,0.717,0.717,0.822,0.822
"Switzerland",1995,0.739,0.839,0.739,0.739,0.839,0.839
"Switzerland",1996,0.733,0.848,0.733,0.733,0.848,0.848
"Switzerland",1997,0.703,0.839,0.703,0.703,0.839,0.839
"Switzerland",1998,0.726,0.837,0.726,0.726,0.837,0.837
"Switzerland",1999,0.726,0.828,0.726,0.726,0.828,0.828
"Switzerland",2000,0.721,0.832,0.721,0.721,0.832,0.832
"Switzerland",2001,0.728,0.834,0.728,0.728,0.834,0.834
"Switzerland",2002,0.722,0.832,0.722,0.722,0.832,0.832
"Switzerland",2003,0.725,0.836,0.725,0.725,0.836,0.836
"Switzerland",2004,0.725,0.836,0.725,0.725,0.836,0.836
"Switzerland",2005,0.725,0.831,0.725,0.725,0.831,0.831
"Switzerland",2006,0.725,0.831,0.725,0.725,0.831,0.831
"Switzerland",2007,0.726,0.836,0.726,0.726,0.836,0.836
"Switzerland",2008,0.725,0.834,0.725,0.725,0.834,0.834
"Switzerland",2009,0.726,0.832,0.726,0.726,0.832,0.832
"Switzerland",2010,0.726,0.853,0.726,0.726,0.853,0.853
"Switzerland",2011,NA,NA,NA,NA,NA,NA
"United Kingdom",1970,NA,NA,NA,NA,NA,NA
"United Kingdom",1971,0.541,0.693,0.541,0.541,0.693,0.693
"United Kingdom",1972,0.513,0.694,0.513,0.513,0.694,0.694
"United Kingdom",1973,0.483,0.678,0.483,0.483,0.678,0.678
"United Kingdom",1974,0.525,0.629,0.525,0.525,0.629,0.629
"United Kingdom",1975,0.467,0.655,0.467,0.467,0.655,0.655
"United Kingdom",1976,0.483,0.684,0.483,0.483,0.684,0.684
"United Kingdom",1977,0.504,0.734,0.504,0.504,0.734,0.734
"United Kingdom",1978,0.504,0.748,0.504,0.504,0.748,0.748
"United Kingdom",1979,0.46,0.663,0.46,0.46,0.663,0.663
"United Kingdom",1980,0.46,0.641,0.46,0.46,0.641,0.641
"United Kingdom",1981,0.405,0.614,0.405,0.405,0.614,0.614
"United Kingdom",1982,0.253,0.478,0.253,0.253,0.478,0.478
"United Kingdom",1983,0.259,0.477,0.259,0.259,0.477,0.477
"United Kingdom",1984,0.258,0.459,0.258,0.258,0.459,0.459
"United Kingdom",1985,0.252,0.447,0.252,0.252,0.447,0.447
"United Kingdom",1986,0.25,0.443,0.25,0.25,0.443,0.443
"United Kingdom",1987,0.231,0.416,0.231,0.231,0.416,0.416
"United Kingdom",1988,0.214,0.387,0.214,0.214,0.387,0.387
"United Kingdom",1989,0.202,0.366,0.202,0.202,0.366,0.366
"United Kingdom",1990,0.199,0.359,0.199,0.199,0.359,0.359
"United Kingdom",1991,0.202,0.364,0.202,0.202,0.364,0.364
"United Kingdom",1992,0.211,0.381,0.211,0.211,0.381,0.381
"United Kingdom",1993,0.213,0.384,0.213,0.213,0.384,0.384
"United Kingdom",1994,0.216,0.391,0.216,0.216,0.391,0.391
"United Kingdom",1995,0.21,0.384,0.21,0.21,0.384,0.384
"United Kingdom",1996,0.204,0.375,0.204,0.204,0.375,0.375
"United Kingdom",1997,0.199,0.356,0.199,0.199,0.356,0.356
"United Kingdom",1998,0.196,0.352,0.196,0.196,0.352,0.352
"United Kingdom",1999,0.195,0.367,0.195,0.195,0.367,0.367
"United Kingdom",2000,0.19,0.364,0.19,0.19,0.364,0.364
"United Kingdom",2001,0.186,0.367,0.186,0.186,0.367,0.367
"United Kingdom",2002,0.185,0.372,0.185,0.185,0.372,0.372
"United Kingdom",2003,0.183,0.369,0.183,0.183,0.369,0.369
"United Kingdom",2004,0.178,0.425,0.178,0.178,0.425,0.425
"United Kingdom",2005,0.176,0.424,0.176,0.176,0.424,0.424
"United Kingdom",2006,0.171,0.421,0.171,0.171,0.421,0.421
"United Kingdom",2007,0.167,0.419,0.167,0.167,0.419,0.419
"United Kingdom",2008,0.166,0.424,0.166,0.166,0.424,0.424
"United Kingdom",2009,0.168,0.43,0.168,0.168,0.43,0.43
"United Kingdom",2010,0.172,0.435,0.172,0.172,0.435,0.435
"United Kingdom",2011,0.177,0.448,0.177,0.177,0.448,0.448
"United States",1970,NA,NA,NA,NA,NA,NA
"United States",1971,0.659,0.589,0.659,0.659,0.589,0.589
"United States",1972,0.659,0.588,0.659,0.659,0.588,0.588
"United States",1973,0.671,0.599,0.671,0.671,0.599,0.599
"United States",1974,0.675,0.601,0.675,0.675,0.601,0.601
"United States",1975,0.678,0.6,0.678,0.678,0.6,0.6
"United States",1976,0.672,0.599,0.672,0.672,0.599,0.599
"United States",1977,0.671,0.593,0.671,0.671,0.593,0.593
"United States",1978,0.683,0.605,0.683,0.683,0.605,0.605
"United States",1979,0.691,0.614,0.691,0.691,0.614,0.614
"United States",1980,0.699,0.62,0.699,0.699,0.62,0.62
"United States",1981,0.716,0.634,0.716,0.716,0.634,0.634
"United States",1982,0.704,0.63,0.704,0.704,0.63,0.63
"United States",1983,0.711,0.64,0.711,0.711,0.64,0.64
"United States",1984,0.701,0.641,0.701,0.701,0.641,0.641
"United States",1985,0.704,0.638,0.704,0.704,0.638,0.638
"United States",1986,0.658,0.634,0.658,0.658,0.634,0.634
"United States",1987,0.575,0.594,0.575,0.575,0.594,0.594
"United States",1988,0.578,0.596,0.578,0.578,0.596,0.596
"United States",1989,0.578,0.597,0.578,0.578,0.597,0.597
"United States",1990,0.579,0.597,0.579,0.579,0.597,0.597
"United States",1991,0.579,0.596,0.579,0.579,0.596,0.596
"United States",1992,0.58,0.594,0.58,0.58,0.594,0.594
"United States",1993,0.58,0.594,0.58,0.58,0.594,0.594
"United States",1994,0.579,0.594,0.579,0.579,0.594,0.594
"United States",1995,0.579,0.594,0.579,0.579,0.594,0.594
"United States",1996,0.579,0.59,0.579,0.579,0.59,0.59
"United States",1997,0.579,0.591,0.579,0.579,0.591,0.591
"United States",1998,0.58,0.587,0.58,0.58,0.587,0.587
"United States",1999,0.579,0.609,0.579,0.579,0.609,0.609
"United States",2000,0.578,0.611,0.578,0.578,0.611,0.611
"United States",2001,0.579,0.608,0.579,0.579,0.608,0.608
"United States",2002,0.584,0.589,0.584,0.584,0.589,0.589
"United States",2003,0.583,0.6,0.583,0.583,0.6,0.6
"United States",2004,0.583,0.602,0.583,0.583,0.602,0.602
"United States",2005,0.583,0.597,0.583,0.583,0.597,0.597
"United States",2006,0.582,0.599,0.582,0.582,0.599,0.599
"United States",2007,0.582,0.6,0.582,0.582,0.6,0.6
"United States",2008,0.582,0.597,0.582,0.582,0.597,0.597
"United States",2009,0.587,0.585,0.587,0.587,0.585,0.585
"United States",2010,0.587,0.589,0.587,0.587,0.589,0.589
"United States",2011,0.567,0.584,0.567,0.567,0.584,0.584
"Greece",1970,NA,NA,NA,NA,NA,NA
"Greece",1971,NA,NA,NA,NA,NA,NA
"Greece",1972,NA,NA,NA,NA,NA,NA
"Greece",1973,NA,NA,NA,NA,NA,NA
"Greece",1974,NA,NA,NA,NA,NA,NA
"Greece",1975,NA,NA,NA,NA,NA,NA
"Greece",1976,NA,NA,NA,NA,NA,NA
"Greece",1977,NA,NA,NA,NA,NA,NA
"Greece",1978,NA,NA,NA,NA,NA,NA
"Greece",1979,NA,NA,NA,NA,NA,NA
"Greece",1980,NA,NA,NA,NA,NA,NA
"Greece",1981,0.374,0.46,0.374,0.374,0.46,0.46
"Greece",1982,NA,NA,0.3705,0.374,0.4515,0.46
"Greece",1983,0.367,0.443,0.367,0.367,0.443,0.443
"Greece",1984,NA,NA,0.3745,0.367,0.458,0.443
"Greece",1985,0.382,0.473,0.382,0.382,0.473,0.473
"Greece",1986,0.382,0.465,0.382,0.382,0.465,0.465
"Greece",1987,0.383,0.469,0.383,0.383,0.469,0.469
"Greece",1988,0.4,0.477,0.4,0.4,0.477,0.477
"Greece",1989,0.4,0.481,0.4,0.4,0.481,0.481
"Greece",1990,0.465,0.581,0.465,0.465,0.581,0.581
"Greece",1991,0.484,0.606,0.484,0.484,0.606,0.606
"Greece",1992,0.463,0.604,0.463,0.463,0.604,0.604
"Greece",1993,0.485,0.615,0.485,0.485,0.615,0.615
"Greece",1994,NA,NA,0.485666666666667,0.485,0.618666666666667,0.615
"Greece",1995,NA,NA,0.486333333333333,0.485,0.622333333333333,0.615
"Greece",1996,0.487,0.626,0.487,0.487,0.626,0.626
"Greece",1997,0.487,0.628,0.487,0.487,0.628,0.628
"Greece",1998,0.49,0.629,0.49,0.49,0.629,0.629
"Greece",1999,0.486,0.63,0.486,0.486,0.63,0.63
"Greece",2000,0.488,0.632,0.488,0.488,0.632,0.632
"Greece",2001,NA,NA,0.4835,0.488,0.629,0.632
"Greece",2002,0.479,0.626,0.479,0.479,0.626,0.626
"Greece",2003,0.476,0.618,0.476,0.476,0.618,0.618
"Greece",2004,0.48,0.624,0.48,0.48,0.624,0.624
"Greece",2005,0.476,0.619,0.476,0.476,0.619,0.619
"Greece",2006,0.48,0.632,0.48,0.48,0.632,0.632
"Greece",2007,0.483,0.633,0.483,0.483,0.633,0.633
"Greece",2008,0.484,0.633,0.484,0.484,0.633,0.633
"Greece",2009,0.495,0.647,0.495,0.495,0.647,0.647
"Greece",2010,0.497,0.648,0.497,0.497,0.648,0.648
"Greece",2011,0.506,0.658,0.506,0.506,0.658,0.658
"Spain",1970,NA,NA,NA,NA,NA,NA
"Spain",1971,NA,NA,NA,NA,NA,NA
"Spain",1972,0.563,0.43,0.563,0.563,0.43,0.43
"Spain",1973,0.804,0.824,0.804,0.804,0.824,0.824
"Spain",1974,0.807,0.832,0.807,0.807,0.832,0.832
"Spain",1975,0.799,0.834,0.799,0.799,0.834,0.834
"Spain",1976,0.82,0.85,0.82,0.82,0.85,0.85
"Spain",1977,0.842,0.87,0.842,0.842,0.87,0.87
"Spain",1978,0.905,0.862,0.905,0.905,0.862,0.862
"Spain",1979,0.867,0.86,0.867,0.867,0.86,0.86
"Spain",1980,0.878,0.864,0.878,0.878,0.864,0.864
"Spain",1981,0.944,0.922,0.944,0.944,0.922,0.922
"Spain",1982,0.948,0.921,0.948,0.948,0.921,0.921
"Spain",1983,0.956,0.93,0.956,0.956,0.93,0.93
"Spain",1984,0.968,0.941,0.968,0.968,0.941,0.941
"Spain",1985,0.973,0.952,0.973,0.973,0.952,0.952
"Spain",1986,0.919,0.948,0.919,0.919,0.948,0.948
"Spain",1987,0.918,0.945,0.918,0.918,0.945,0.945
"Spain",1988,0.892,0.905,0.892,0.892,0.905,0.905
"Spain",1989,0.889,0.902,0.889,0.889,0.902,0.902
"Spain",1990,0.895,0.908,0.895,0.895,0.908,0.908
"Spain",1991,0.901,0.914,0.901,0.901,0.914,0.914
"Spain",1992,0.905,0.899,0.905,0.905,0.899,0.899
"Spain",1993,0.8,0.793,0.8,0.8,0.793,0.793
"Spain",1994,0.758,0.752,0.758,0.758,0.752,0.752
"Spain",1995,0.757,0.75,0.757,0.757,0.75,0.75
"Spain",1996,0.758,0.749,0.758,0.758,0.749,0.749
"Spain",1997,0.759,0.749,0.759,0.759,0.749,0.749
"Spain",1998,0.761,0.75,0.761,0.761,0.75,0.75
"Spain",1999,0.754,0.732,0.754,0.754,0.732,0.732
"Spain",2000,0.753,0.736,0.753,0.753,0.736,0.736
"Spain",2001,0.754,0.741,0.754,0.754,0.741,0.741
"Spain",2002,0.756,0.745,0.756,0.756,0.745,0.745
"Spain",2003,0.751,0.74,0.751,0.751,0.74,0.74
"Spain",2004,0.755,0.746,0.755,0.755,0.746,0.746
"Spain",2005,0.757,0.75,0.757,0.757,0.75,0.75
"Spain",2006,0.758,0.75,0.758,0.758,0.75,0.75
"Spain",2007,0.785,0.751,0.785,0.785,0.751,0.751
"Spain",2008,0.767,0.742,0.767,0.767,0.742,0.742
"Spain",2009,0.774,0.749,0.774,0.774,0.749,0.749
"Spain",2010,0.8,0.768,0.8,0.8,0.768,0.768
"Spain",2011,0.802,0.771,0.802,0.802,0.771,0.771
"Portugal",1970,0,0,0,0,0,0
"Portugal",1971,0,0,0,0,0,0
"Portugal",1972,0,0,0,0,0,0
"Portugal",1973,0,0,0,0,0,0
"Portugal",1974,0,0,0,0,0,0
"Portugal",1975,0.445,0.628,0.445,0.445,0.628,0.628
"Portugal",1976,0.371,0.53,0.371,0.371,0.53,0.53
"Portugal",1977,0.365,0.517,0.365,0.365,0.517,0.517
"Portugal",1978,0.471,0.636,0.471,0.471,0.636,0.636
"Portugal",1979,0.378,0.518,0.378,0.378,0.518,0.518
"Portugal",1980,0.55,0.639,0.55,0.55,0.639,0.639
"Portugal",1981,0.562,0.652,0.562,0.562,0.652,0.652
"Portugal",1982,0.544,0.633,0.544,0.544,0.633,0.633
"Portugal",1983,0.557,0.647,0.557,0.557,0.647,0.647
"Portugal",1984,0.536,0.623,0.536,0.536,0.623,0.623
"Portugal",1985,0.815,0.818,0.815,0.815,0.818,0.818
"Portugal",1986,0.826,0.829,0.826,0.826,0.829,0.829
"Portugal",1987,0.816,0.816,0.816,0.816,0.816,0.816
"Portugal",1988,0.736,0.75,0.736,0.736,0.75,0.75
"Portugal",1989,0.733,0.71,0.733,0.733,0.71,0.71
"Portugal",1990,0.787,0.758,0.787,0.787,0.758,0.758
"Portugal",1991,0.784,0.755,0.784,0.784,0.755,0.755
"Portugal",1992,0.785,0.758,0.785,0.785,0.758,0.758
"Portugal",1993,0.787,0.759,0.787,0.787,0.759,0.759
"Portugal",1994,0.795,0.775,0.795,0.795,0.775,0.775
"Portugal",1995,0.792,0.768,0.792,0.792,0.768,0.768
"Portugal",1996,0.793,0.773,0.793,0.793,0.773,0.773
"Portugal",1997,0.795,0.781,0.795,0.795,0.781,0.781
"Portugal",1998,0.794,0.793,0.794,0.794,0.793,0.793
"Portugal",1999,0.789,0.789,0.789,0.789,0.789,0.789
"Portugal",2000,0.79,0.792,0.79,0.79,0.792,0.792
"Portugal",2001,0.778,0.771,0.778,0.778,0.771,0.771
"Portugal",2002,0.779,0.766,0.779,0.779,0.766,0.766
"Portugal",2003,0.782,0.769,0.782,0.782,0.769,0.769
"Portugal",2004,0.783,0.772,0.783,0.783,0.772,0.772
"Portugal",2005,0.775,0.764,0.775,0.775,0.764,0.764
"Portugal",2006,0.774,0.765,0.774,0.774,0.765,0.765
"Portugal",2007,0.776,0.764,0.776,0.776,0.764,0.764
"Portugal",2008,0.775,0.77,0.775,0.775,0.77,0.77
"Portugal",2009,0.775,0.772,0.775,0.775,0.772,0.772
"Portugal",2010,0.776,0.771,0.776,0.776,0.771,0.771
"Portugal",2011,0.774,0.769,0.774,0.774,0.769,0.769
"South Korea",1970,NA,NA,NA,NA,NA,NA
"South Korea",1971,0,0,0,0,0,0
"South Korea",1972,0,0,0,0,0,0
"South Korea",1973,0,0,0,0,0,0
"South Korea",1974,0,0,0,0,0,0
"South Korea",1975,0,0,0,0,0,0
"South Korea",1976,0,0,0,0,0,0
"South Korea",1977,0,0,0,0,0,0
"South Korea",1978,0,0,0,0,0,0
"South Korea",1979,0,0,0,0,0,0
"South Korea",1980,0,0,0,0,0,0
"South Korea",1981,0,0,0,0,0,0
"South Korea",1982,0,0,0,0,0,0
"South Korea",1983,0,0,0,0,0,0
"South Korea",1984,0,0,0,0,0,0
"South Korea",1985,0,0,0,0,0,0
"South Korea",1986,0,0,0,0,0,0
"South Korea",1987,0,0,0,0,0,0
"South Korea",1988,0,0,0,0,0,0
"South Korea",1989,0,0,0,0,0,0
"South Korea",1990,0,0,0,0,0,0
"South Korea",1991,0,0,0,0,0,0
"South Korea",1992,0,0,0,0,0,0
"South Korea",1993,0,0,0,0,0,0
"South Korea",1994,0,0,0,0,0,0
"South Korea",1995,0,0,0,0,0,0
"South Korea",1996,0.524,0.259,0.524,0.524,0.259,0.259
"South Korea",1997,0.533,0.264,0.533,0.533,0.264,0.264
"South Korea",1998,0.539,0.267,0.539,0.539,0.267,0.267
"South Korea",1999,0.548,0.272,0.548,0.548,0.272,0.272
"South Korea",2000,0.551,0.273,0.551,0.551,0.273,0.273
"South Korea",2001,0.553,0.274,0.553,0.553,0.274,0.274
"South Korea",2002,0.549,0.273,0.549,0.549,0.273,0.273
"South Korea",2003,0.536,0.267,0.536,0.536,0.267,0.267
"South Korea",2004,0.541,0.276,0.541,0.541,0.276,0.276
"South Korea",2005,0.553,0.292,0.553,0.553,0.292,0.292
"South Korea",2006,0.548,0.301,0.548,0.548,0.301,0.301
"South Korea",2007,0.534,0.326,0.534,0.534,0.326,0.326
"South Korea",2008,0.507,0.335,0.507,0.507,0.335,0.335
"South Korea",2009,0.505,0.354,0.505,0.505,0.354,0.354
"South Korea",2010,0.493,0.355,0.493,0.493,0.355,0.355
"South Korea",2011,0.474,0.358,0.474,0.474,0.358,0.358
"Czech Republic",1970,NA,NA,NA,NA,NA,NA
"Czech Republic",1971,NA,NA,NA,NA,NA,NA
"Czech Republic",1972,NA,NA,NA,NA,NA,NA
"Czech Republic",1973,NA,NA,NA,NA,NA,NA
"Czech Republic",1974,NA,NA,NA,NA,NA,NA
"Czech Republic",1975,NA,NA,NA,NA,NA,NA
"Czech Republic",1976,NA,NA,NA,NA,NA,NA
"Czech Republic",1977,NA,NA,NA,NA,NA,NA
"Czech Republic",1978,NA,NA,NA,NA,NA,NA
"Czech Republic",1979,NA,NA,NA,NA,NA,NA
"Czech Republic",1980,NA,NA,NA,NA,NA,NA
"Czech Republic",1981,NA,NA,NA,NA,NA,NA
"Czech Republic",1982,NA,NA,NA,NA,NA,NA
"Czech Republic",1983,NA,NA,NA,NA,NA,NA
"Czech Republic",1984,NA,NA,NA,NA,NA,NA
"Czech Republic",1985,NA,NA,NA,NA,NA,NA
"Czech Republic",1986,NA,NA,NA,NA,NA,NA
"Czech Republic",1987,NA,NA,NA,NA,NA,NA
"Czech Republic",1988,NA,NA,NA,NA,NA,NA
"Czech Republic",1989,NA,NA,NA,NA,NA,NA
"Czech Republic",1990,NA,NA,NA,NA,NA,NA
"Czech Republic",1991,NA,NA,NA,NA,NA,NA
"Czech Republic",1992,NA,NA,NA,NA,NA,NA
"Czech Republic",1993,NA,NA,NA,NA,NA,NA
"Czech Republic",1994,NA,NA,NA,NA,NA,NA
"Czech Republic",1995,0.541,0.648,0.541,0.541,0.648,0.648
"Czech Republic",1996,0.491,0.659,0.491,0.491,0.659,0.659
"Czech Republic",1997,0.505,0.642,0.505,0.505,0.642,0.642
"Czech Republic",1998,0.522,0.63,0.522,0.522,0.63,0.63
"Czech Republic",1999,0.45,0.525,0.45,0.45,0.525,0.525
"Czech Republic",2000,0.45,0.526,0.45,0.45,0.526,0.526
"Czech Republic",2001,0.45,0.523,0.45,0.45,0.523,0.523
"Czech Republic",2002,0.45,0.523,0.45,0.45,0.523,0.523
"Czech Republic",2003,0.45,0.522,0.45,0.45,0.522,0.522
"Czech Republic",2004,0.45,0.518,0.45,0.45,0.518,0.518
"Czech Republic",2005,0.475,0.542,0.475,0.475,0.542,0.542
"Czech Republic",2006,0.475,0.506,0.475,0.475,0.506,0.506
"Czech Republic",2007,0.475,0.532,0.475,0.475,0.532,0.532
"Czech Republic",2008,0.475,0.54,0.475,0.475,0.54,0.54
"Czech Republic",2009,0.383,0.525,0.383,0.383,0.525,0.525
"Czech Republic",2010,0.383,0.521,0.383,0.383,0.521,0.521
"Czech Republic",2011,NA,NA,NA,NA,NA,NA
"Estonia",1970,NA,NA,NA,NA,NA,NA
"Estonia",1971,NA,NA,NA,NA,NA,NA
"Estonia",1972,NA,NA,NA,NA,NA,NA
"Estonia",1973,NA,NA,NA,NA,NA,NA
"Estonia",1974,NA,NA,NA,NA,NA,NA
"Estonia",1975,NA,NA,NA,NA,NA,NA
"Estonia",1976,NA,NA,NA,NA,NA,NA
"Estonia",1977,NA,NA,NA,NA,NA,NA
"Estonia",1978,NA,NA,NA,NA,NA,NA
"Estonia",1979,NA,NA,NA,NA,NA,NA
"Estonia",1980,NA,NA,NA,NA,NA,NA
"Estonia",1981,NA,NA,NA,NA,NA,NA
"Estonia",1982,NA,NA,NA,NA,NA,NA
"Estonia",1983,NA,NA,NA,NA,NA,NA
"Estonia",1984,NA,NA,NA,NA,NA,NA
"Estonia",1985,NA,NA,NA,NA,NA,NA
"Estonia",1986,NA,NA,NA,NA,NA,NA
"Estonia",1987,NA,NA,NA,NA,NA,NA
"Estonia",1988,NA,NA,NA,NA,NA,NA
"Estonia",1989,NA,NA,NA,NA,NA,NA
"Estonia",1990,NA,NA,NA,NA,NA,NA
"Estonia",1991,NA,NA,NA,NA,NA,NA
"Estonia",1992,NA,NA,NA,NA,NA,NA
"Estonia",1993,NA,NA,NA,NA,NA,NA
"Estonia",1994,NA,NA,NA,NA,NA,NA
"Estonia",1995,0.133,0.227,0.133,0.133,0.227,0.227
"Estonia",1996,0.107,0.191,0.107,0.107,0.191,0.191
"Estonia",1997,0.089,0.175,0.089,0.089,0.175,0.175
"Estonia",1998,0.136,0.217,0.136,0.136,0.217,0.217
"Estonia",1999,0.126,0.204,0.126,0.126,0.204,0.204
"Estonia",2000,0.112,0.178,0.112,0.112,0.178,0.178
"Estonia",2001,0.1,0.158,0.1,0.1,0.158,0.158
"Estonia",2002,0.09,0.157,0.09,0.09,0.157,0.157
"Estonia",2003,0.499,0.577,0.499,0.499,0.577,0.577
"Estonia",2004,0.507,0.562,0.507,0.507,0.562,0.562
"Estonia",2005,0.506,0.546,0.506,0.506,0.546,0.546
"Estonia",2006,0.502,0.537,0.502,0.502,0.537,0.537
"Estonia",2007,0.495,0.544,0.495,0.495,0.544,0.544
"Estonia",2008,0.494,0.517,0.494,0.494,0.517,0.517
"Estonia",2009,0.493,0.533,0.493,0.493,0.533,0.533
"Estonia",2010,0.497,0.537,0.497,0.497,0.537,0.537
"Estonia",2011,NA,NA,NA,NA,NA,NA
"Hungary",1970,NA,NA,NA,NA,NA,NA
"Hungary",1971,NA,NA,NA,NA,NA,NA
"Hungary",1972,NA,NA,NA,NA,NA,NA
"Hungary",1973,NA,NA,NA,NA,NA,NA
"Hungary",1974,NA,NA,NA,NA,NA,NA
"Hungary",1975,NA,NA,NA,NA,NA,NA
"Hungary",1976,NA,NA,NA,NA,NA,NA
"Hungary",1977,NA,NA,NA,NA,NA,NA
"Hungary",1978,NA,NA,NA,NA,NA,NA
"Hungary",1979,NA,NA,NA,NA,NA,NA
"Hungary",1980,NA,NA,NA,NA,NA,NA
"Hungary",1981,NA,NA,NA,NA,NA,NA
"Hungary",1982,NA,NA,NA,NA,NA,NA
"Hungary",1983,NA,NA,NA,NA,NA,NA
"Hungary",1984,NA,NA,NA,NA,NA,NA
"Hungary",1985,NA,NA,NA,NA,NA,NA
"Hungary",1986,NA,NA,NA,NA,NA,NA
"Hungary",1987,NA,NA,NA,NA,NA,NA
"Hungary",1988,NA,NA,NA,NA,NA,NA
"Hungary",1989,NA,NA,NA,NA,NA,NA
"Hungary",1990,NA,NA,NA,NA,NA,NA
"Hungary",1991,NA,NA,NA,NA,NA,NA
"Hungary",1992,0.842,0.818,0.842,0.842,0.818,0.818
"Hungary",1993,0.845,0.815,0.845,0.845,0.815,0.815
"Hungary",1994,0.708,0.748,0.708,0.708,0.748,0.748
"Hungary",1995,0.668,0.708,0.668,0.668,0.708,0.708
"Hungary",1996,0.604,0.504,0.604,0.604,0.504,0.504
"Hungary",1997,0.544,0.544,0.544,0.544,0.544,0.544
"Hungary",1998,0.548,0.584,0.548,0.548,0.584,0.584
"Hungary",1999,0.532,0.626,0.532,0.532,0.626,0.626
"Hungary",2000,0.561,0.647,0.561,0.561,0.647,0.647
"Hungary",2001,0.493,0.578,0.493,0.493,0.578,0.578
"Hungary",2002,0.476,0.56,0.476,0.476,0.56,0.56
"Hungary",2003,0.479,0.547,0.479,0.479,0.547,0.547
"Hungary",2004,0.464,0.522,0.464,0.464,0.522,0.522
"Hungary",2005,0.447,0.509,0.447,0.447,0.509,0.509
"Hungary",2006,0.473,0.583,0.473,0.473,0.583,0.583
"Hungary",2007,0.515,0.617,0.515,0.515,0.617,0.617
"Hungary",2008,0.509,0.612,0.509,0.509,0.612,0.612
"Hungary",2009,0.506,0.605,0.506,0.506,0.605,0.605
"Hungary",2010,0.508,0.605,0.508,0.508,0.605,0.605
"Hungary",2011,NA,NA,NA,NA,NA,NA
"Latvia",1970,NA,NA,NA,NA,NA,NA
"Latvia",1971,NA,NA,NA,NA,NA,NA
"Latvia",1972,NA,NA,NA,NA,NA,NA
"Latvia",1973,NA,NA,NA,NA,NA,NA
"Latvia",1974,NA,NA,NA,NA,NA,NA
"Latvia",1975,NA,NA,NA,NA,NA,NA
"Latvia",1976,NA,NA,NA,NA,NA,NA
"Latvia",1977,NA,NA,NA,NA,NA,NA
"Latvia",1978,NA,NA,NA,NA,NA,NA
"Latvia",1979,NA,NA,NA,NA,NA,NA
"Latvia",1980,NA,NA,NA,NA,NA,NA
"Latvia",1981,NA,NA,NA,NA,NA,NA
"Latvia",1982,NA,NA,NA,NA,NA,NA
"Latvia",1983,NA,NA,NA,NA,NA,NA
"Latvia",1984,NA,NA,NA,NA,NA,NA
"Latvia",1985,NA,NA,NA,NA,NA,NA
"Latvia",1986,NA,NA,NA,NA,NA,NA
"Latvia",1987,NA,NA,NA,NA,NA,NA
"Latvia",1988,NA,NA,NA,NA,NA,NA
"Latvia",1989,NA,NA,NA,NA,NA,NA
"Latvia",1990,NA,NA,NA,NA,NA,NA
"Latvia",1991,NA,NA,NA,NA,NA,NA
"Latvia",1992,NA,NA,NA,NA,NA,NA
"Latvia",1993,NA,NA,NA,NA,NA,NA
"Latvia",1994,NA,NA,NA,NA,NA,NA
"Latvia",1995,0.34,0.36,0.34,0.34,0.36,0.36
"Latvia",1996,0.32,0.34,0.32,0.32,0.34,0.34
"Latvia",1997,0.75,0.71,0.75,0.75,0.71,0.71
"Latvia",1998,0.73,0.7,0.73,0.73,0.7,0.7
"Latvia",1999,0.73,0.7,0.73,0.73,0.7,0.7
"Latvia",2000,0.73,0.7,0.73,0.73,0.7,0.7
"Latvia",2001,0.73,0.71,0.73,0.73,0.71,0.71
"Latvia",2002,0.73,0.71,0.73,0.73,0.71,0.71
"Latvia",2003,0.74,0.72,0.74,0.74,0.72,0.72
"Latvia",2004,0.74,0.72,0.74,0.74,0.72,0.72
"Latvia",2005,0.74,0.7,0.74,0.74,0.7,0.7
"Latvia",2006,0.74,0.7,0.74,0.74,0.7,0.7
"Latvia",2007,0.73,0.68,0.73,0.73,0.68,0.68
"Latvia",2008,0.72,0.65,0.72,0.72,0.65,0.65
"Latvia",2009,0.73,0.65,0.73,0.73,0.65,0.65
"Latvia",2010,0.76,0.66,0.76,0.76,0.66,0.66
"Latvia",2011,NA,NA,NA,NA,NA,NA
"Lithuania",1970,NA,NA,NA,NA,NA,NA
"Lithuania",1971,NA,NA,NA,NA,NA,NA
"Lithuania",1972,NA,NA,NA,NA,NA,NA
"Lithuania",1973,NA,NA,NA,NA,NA,NA
"Lithuania",1974,NA,NA,NA,NA,NA,NA
"Lithuania",1975,NA,NA,NA,NA,NA,NA
"Lithuania",1976,NA,NA,NA,NA,NA,NA
"Lithuania",1977,NA,NA,NA,NA,NA,NA
"Lithuania",1978,NA,NA,NA,NA,NA,NA
"Lithuania",1979,NA,NA,NA,NA,NA,NA
"Lithuania",1980,NA,NA,NA,NA,NA,NA
"Lithuania",1981,NA,NA,NA,NA,NA,NA
"Lithuania",1982,NA,NA,NA,NA,NA,NA
"Lithuania",1983,NA,NA,NA,NA,NA,NA
"Lithuania",1984,NA,NA,NA,NA,NA,NA
"Lithuania",1985,NA,NA,NA,NA,NA,NA
"Lithuania",1986,NA,NA,NA,NA,NA,NA
"Lithuania",1987,NA,NA,NA,NA,NA,NA
"Lithuania",1988,NA,NA,NA,NA,NA,NA
"Lithuania",1989,NA,NA,NA,NA,NA,NA
"Lithuania",1990,NA,NA,NA,NA,NA,NA
"Lithuania",1991,NA,NA,NA,NA,NA,NA
"Lithuania",1992,NA,NA,NA,NA,NA,NA
"Lithuania",1993,NA,NA,NA,NA,NA,NA
"Lithuania",1994,NA,NA,NA,NA,NA,NA
"Lithuania",1995,0.335,0.335,0.335,0.335,0.335,0.335
"Lithuania",1996,0.334,0.334,0.334,0.334,0.334,0.334
"Lithuania",1997,0.329,0.329,0.329,0.329,0.329,0.329
"Lithuania",1998,0.286,0.286,0.286,0.286,0.286,0.286
"Lithuania",1999,0.275,0.275,0.275,0.275,0.275,0.275
"Lithuania",2000,0.327,0.327,0.327,0.327,0.327,0.327
"Lithuania",2001,0.326,0.326,0.326,0.326,0.326,0.326
"Lithuania",2002,0.318,0.318,0.318,0.318,0.318,0.318
"Lithuania",2003,0.327,0.318,0.327,0.327,0.318,0.318
"Lithuania",2004,0.275,0.268,0.275,0.275,0.268,0.268
"Lithuania",2005,0.57,0.694,0.57,0.57,0.694,0.694
"Lithuania",2006,0.586,0.714,0.586,0.586,0.714,0.714
"Lithuania",2007,0.556,0.692,0.556,0.556,0.692,0.692
"Lithuania",2008,0.558,0.68,0.558,0.558,0.68,0.68
"Lithuania",2009,0.621,0.735,0.621,0.621,0.735,0.735
"Lithuania",2010,0.471,0.456,0.471,0.471,0.456,0.456
"Lithuania",2011,NA,NA,NA,NA,NA,NA
"Poland",1970,NA,NA,NA,NA,NA,NA
"Poland",1971,NA,NA,NA,NA,NA,NA
"Poland",1972,NA,NA,NA,NA,NA,NA
"Poland",1973,NA,NA,NA,NA,NA,NA
"Poland",1974,NA,NA,NA,NA,NA,NA
"Poland",1975,NA,NA,NA,NA,NA,NA
"Poland",1976,NA,NA,NA,NA,NA,NA
"Poland",1977,NA,NA,NA,NA,NA,NA
"Poland",1978,NA,NA,NA,NA,NA,NA
"Poland",1979,NA,NA,NA,NA,NA,NA
"Poland",1980,NA,NA,NA,NA,NA,NA
"Poland",1981,NA,NA,NA,NA,NA,NA
"Poland",1982,NA,NA,NA,NA,NA,NA
"Poland",1983,NA,NA,NA,NA,NA,NA
"Poland",1984,NA,NA,NA,NA,NA,NA
"Poland",1985,NA,NA,NA,NA,NA,NA
"Poland",1986,NA,NA,NA,NA,NA,NA
"Poland",1987,NA,NA,NA,NA,NA,NA
"Poland",1988,NA,NA,NA,NA,NA,NA
"Poland",1989,NA,NA,NA,NA,NA,NA
"Poland",1990,NA,NA,NA,NA,NA,NA
"Poland",1991,NA,NA,NA,NA,NA,NA
"Poland",1992,NA,NA,NA,NA,NA,NA
"Poland",1993,NA,NA,NA,NA,NA,NA
"Poland",1994,NA,NA,NA,NA,NA,NA
"Poland",1995,0.375,0.459,0.375,0.375,0.459,0.459
"Poland",1996,0.326,0.391,0.326,0.326,0.391,0.391
"Poland",1997,0.291,0.345,0.291,0.291,0.345,0.345
"Poland",1998,0.289,0.347,0.289,0.289,0.347,0.347
"Poland",1999,0.32,0.382,0.32,0.32,0.382,0.382
"Poland",2000,0.283,0.341,0.283,0.283,0.341,0.341
"Poland",2001,0.291,0.347,0.291,0.291,0.347,0.347
"Poland",2002,0.285,0.342,0.285,0.285,0.342,0.342
"Poland",2003,0.303,0.362,0.303,0.303,0.362,0.362
"Poland",2004,0.299,0.354,0.299,0.299,0.354,0.354
"Poland",2005,0.291,0.346,0.291,0.291,0.346,0.346
"Poland",2006,0.287,0.342,0.287,0.287,0.342,0.342
"Poland",2007,0.259,0.302,0.259,0.259,0.302,0.302
"Poland",2008,0.246,0.284,0.246,0.246,0.284,0.284
"Poland",2009,0.239,0.276,0.239,0.239,0.276,0.276
"Poland",2010,0.257,0.315,0.257,0.257,0.315,0.315
"Poland",2011,NA,NA,NA,NA,NA,NA
"Slovakia",1970,NA,NA,NA,NA,NA,NA
"Slovakia",1971,NA,NA,NA,NA,NA,NA
"Slovakia",1972,NA,NA,NA,NA,NA,NA
"Slovakia",1973,NA,NA,NA,NA,NA,NA
"Slovakia",1974,NA,NA,NA,NA,NA,NA
"Slovakia",1975,NA,NA,NA,NA,NA,NA
"Slovakia",1976,NA,NA,NA,NA,NA,NA
"Slovakia",1977,NA,NA,NA,NA,NA,NA
"Slovakia",1978,NA,NA,NA,NA,NA,NA
"Slovakia",1979,NA,NA,NA,NA,NA,NA
"Slovakia",1980,NA,NA,NA,NA,NA,NA
"Slovakia",1981,NA,NA,NA,NA,NA,NA
"Slovakia",1982,NA,NA,NA,NA,NA,NA
"Slovakia",1983,NA,NA,NA,NA,NA,NA
"Slovakia",1984,NA,NA,NA,NA,NA,NA
"Slovakia",1985,NA,NA,NA,NA,NA,NA
"Slovakia",1986,NA,NA,NA,NA,NA,NA
"Slovakia",1987,NA,NA,NA,NA,NA,NA
"Slovakia",1988,NA,NA,NA,NA,NA,NA
"Slovakia",1989,NA,NA,NA,NA,NA,NA
"Slovakia",1990,NA,NA,NA,NA,NA,NA
"Slovakia",1991,NA,NA,NA,NA,NA,NA
"Slovakia",1992,NA,NA,NA,NA,NA,NA
"Slovakia",1993,NA,NA,NA,NA,NA,NA
"Slovakia",1994,NA,NA,NA,NA,NA,NA
"Slovakia",1995,0.686,0.546,0.686,0.686,0.546,0.546
"Slovakia",1996,0.69,0.546,0.69,0.69,0.546,0.546
"Slovakia",1997,0.691,0.549,0.691,0.691,0.549,0.549
"Slovakia",1998,0.692,0.553,0.692,0.692,0.553,0.553
"Slovakia",1999,0.707,0.538,0.707,0.707,0.538,0.538
"Slovakia",2000,0.585,0.46,0.585,0.585,0.46,0.46
"Slovakia",2001,0.591,0.567,0.591,0.591,0.567,0.567
"Slovakia",2002,0.584,0.479,0.584,0.584,0.479,0.479
"Slovakia",2003,0.587,0.508,0.587,0.587,0.508,0.508
"Slovakia",2004,0.635,0.506,0.635,0.635,0.506,0.506
"Slovakia",2005,0.635,0.503,0.635,0.635,0.503,0.503
"Slovakia",2006,0.637,0.505,0.637,0.637,0.505,0.505
"Slovakia",2007,0.638,0.508,0.638,0.638,0.508,0.508
"Slovakia",2008,0.61,0.509,0.61,0.61,0.509,0.509
"Slovakia",2009,0.632,0.509,0.632,0.632,0.509,0.509
"Slovakia",2010,0.633,0.548,0.633,0.633,0.548,0.548
"Slovakia",2011,NA,NA,NA,NA,NA,NA
"Slovenia",1970,NA,NA,NA,NA,NA,NA
"Slovenia",1971,NA,NA,NA,NA,NA,NA
"Slovenia",1972,NA,NA,NA,NA,NA,NA
"Slovenia",1973,NA,NA,NA,NA,NA,NA
"Slovenia",1974,NA,NA,NA,NA,NA,NA
"Slovenia",1975,NA,NA,NA,NA,NA,NA
"Slovenia",1976,NA,NA,NA,NA,NA,NA
"Slovenia",1977,NA,NA,NA,NA,NA,NA
"Slovenia",1978,NA,NA,NA,NA,NA,NA
"Slovenia",1979,NA,NA,NA,NA,NA,NA
"Slovenia",1980,NA,NA,NA,NA,NA,NA
"Slovenia",1981,NA,NA,NA,NA,NA,NA
"Slovenia",1982,NA,NA,NA,NA,NA,NA
"Slovenia",1983,NA,NA,NA,NA,NA,NA
"Slovenia",1984,NA,NA,NA,NA,NA,NA
"Slovenia",1985,NA,NA,NA,NA,NA,NA
"Slovenia",1986,NA,NA,NA,NA,NA,NA
"Slovenia",1987,NA,NA,NA,NA,NA,NA
"Slovenia",1988,NA,NA,NA,NA,NA,NA
"Slovenia",1989,NA,NA,NA,NA,NA,NA
"Slovenia",1990,NA,NA,NA,NA,NA,NA
"Slovenia",1991,NA,NA,NA,NA,NA,NA
"Slovenia",1992,NA,NA,NA,NA,NA,NA
"Slovenia",1993,NA,NA,NA,NA,NA,NA
"Slovenia",1994,NA,NA,NA,NA,NA,NA
"Slovenia",1995,0.419,0.733,0.419,0.419,0.733,0.733
"Slovenia",1996,0.419,0.733,0.419,0.419,0.733,0.733
"Slovenia",1997,0.419,0.733,0.419,0.419,0.733,0.733
"Slovenia",1998,0.419,0.734,0.419,0.419,0.734,0.734
"Slovenia",1999,0.515,0.851,0.515,0.515,0.851,0.851
"Slovenia",2000,0.515,0.858,0.515,0.515,0.858,0.858
"Slovenia",2001,0.515,0.874,0.515,0.515,0.874,0.874
"Slovenia",2002,0.515,0.849,0.515,0.515,0.849,0.849
"Slovenia",2003,0.516,0.853,0.516,0.516,0.853,0.853
"Slovenia",2004,0.516,0.861,0.516,0.516,0.861,0.861
"Slovenia",2005,0.561,0.802,0.561,0.561,0.802,0.802
"Slovenia",2006,0.561,0.797,0.561,0.561,0.797,0.797
"Slovenia",2007,0.562,0.795,0.562,0.562,0.795,0.795
"Slovenia",2008,0.666,0.737,0.666,0.666,0.737,0.737
"Slovenia",2009,0.671,0.74,0.671,0.671,0.74,0.74
"Slovenia",2010,0.698,0.734,0.698,0.698,0.734,0.734
"Slovenia",2011,NA,NA,NA,NA,NA,NA
