"Specification","break_year","PG","SR","DE","IE","Country","Year","Sequence","Period","Ny","No","n","p","p1","eta","AK","AL","k1","k2","k","X","L","w","r","Y","u","theta","tau","b","h","S","K","alpha","gamma","phi","sigma","a","omega","beta","A"
"counter_1970_TPG.TSR.TDE.TIE",1970,"TPG","TSR","TDE","TIE","France",1970,1,1,1.48550559563973,0.546489342702738,1.13420764298084,0.417253486705376,0.583439336814264,3.84625995412632,1,1,NA,NA,1.00716566875034,0.156235668491095,0.992885312741814,14.8250136047272,5.45108821387755,20.1706264832088,0.331617924795342,0.729751169681549,0.33749,8.40108250496008,4.88361049892914,3.89949046462388,1,0.66897175856968,0.5,0.270248830318451,1,NA,0.982570839854923,0.739004473921546,20.276
"counter_1970_TPG.TSR.TDE.TIE",1970,"TPG","TSR","TDE","TIE","France",1980,2,1,1.61880130424307,0.516253298645703,1.39082300545825,0.443548545777756,0.612781620210724,4.49951282919422,1,1,NA,NA,1.92962445467161,0.156235668491095,0.90996119520782,17.6728166213183,3.3917356781347,22.0370696253096,0.437879625607724,0.729751169681549,0.406863304782705,8.96619697510013,5.05657773202925,4.62117919066901,1.75588337507522,0.66897175856968,0.5,0.270248830318451,1,NA,0.982570839854923,0.739004473921546,20.276
"counter_1970_TPG.TSR.TDE.TIE",1970,"TPG","TSR","TDE","TIE","France",1990,3,1,1.76238219028369,0.628505945581033,1.36164150128402,0.485592616644142,0.666510958052407,4.12627515927989,1,1,1.42757947459685,0.211248468284745,3.314,0.166652309732753,0.759185468088121,19.2845471829487,2.98786027454947,22.157827075052,0.56922767815424,0.660739337407256,0.497451742282134,8.20372396275902,4.4430776097944,4.80685534403205,2.51594064124403,0.66897175856968,0.5,0.270248830318451,1.375,NA,0.982570839854923,0.739004473921546,20.276
"counter_1970_TPG.TSR.TDE.TIE",1970,"TPG","TSR","TDE","TIE","France",2000,4,1,1.81959142137297,0.693625743497129,1.37651312106404,0.52472490572151,0.683436019881079,3.89048538894652,1,1,1.77778716183384,0.262115693178332,4.161,0.174760141295175,0.777420396226833,20.4221483257577,2.68141995971097,24.5505759947021,0.572750021188694,0.646689293425941,0.497224437841499,8.62140846120038,4.64539311530229,5.32354070107397,3.23484626869985,0.66897175856968,0.5,0.270248830318451,1.375,NA,0.982570839854923,0.739004473921546,20.276
"counter_1970_TPG.TSR.TDE.TIE",1970,"TPG","TSR","TDE","TIE","France",2010,1,2,1.97324079979518,0.866702399553922,1.32832942910956,0.583439336814264,0.685327857682168,3.37942040883403,1,1,1.97618580815309,0.43929079107663,3.882,0.172259429485065,1.00450552926942,20.0633574040179,2.77069429338731,30.9580494254961,0.490936164824037,0.651002043799519,0.44018983213541,9.45438039966708,5.15589529695987,6.42560083646962,3.89949046462388,0.66897175856968,0.5,0.270248830318451,1.375,NA,0.982570839854923,0.739004473921546,20.276
"counter_1970_TPG.TSR.TDE.TIE",1970,"TPG","TSR","TDE","TIE","France",2020,2,2,1.83717278352147,0.991971686013303,1.13489702454898,0.612781620210724,0.707316362457828,2.77677760931085,1,1,2.5153753811937,0.902657274403288,4.02,0.173514940947967,1.14954706235547,20.242590668697,2.72532303417365,35.8640167310391,0.374284731046344,0.648834479756577,0.369398272059327,10.7316047311982,5.91627608906909,7.08338801932131,4.62117919066901,0.66897175856968,0.5,0.270248830318451,1.375,NA,0.982570839854923,0.739004473921546,20.276
"counter_1970_TPG.TSR.TDE.TIE",1970,"TPG","TSR","TDE","TIE","France",2030,3,2,1.85812632086635,1.17464704210048,1.05432654228493,0.666510958052407,0.742598301973306,2.40968991653152,1,1,2.5869367922149,1.51815457912339,3.311,0.166620581355752,1.45178355301481,19.2802387266395,2.98916094074493,42.3591977237262,0.218684146114498,0.66079470305587,0.28939881005914,11.5978086292921,6.42407079438404,8.16566304258796,4.80685534403205,0.66897175856968,0.5,0.270248830318451,1.375,NA,0.982570839854923,0.739004473921546,20.276
"counter_1970_TPG.TSR.TDE.TIE",1970,"TPG","TSR","TDE","TIE","France",2040,4,2,1.81585672907761,1.24357431883289,0.997947510495219,0.683436019881079,0.773731138264388,2.25530096863527,1,1,2.9316964360829,1.93533904348887,3.559,0.169164344902618,1.49579676905703,19.629145722369,2.88751741927813,44.7330292574564,0.17625837704892,0.656365402438626,0.271445835121097,12.075249219069,6.65645034368491,8.6139933465227,5.32354070107397,0.66897175856968,0.5,0.270248830318451,1.375,NA,0.982570839854923,0.739004473921546,20.276
"counter_1970_TPG.TSR.TDE.TIE",1970,"TPG","TSR","TDE","TIE","France",2050,1,3,1.92115195712475,1.35231689001468,0.973602389188466,0.685327857682168,0.800578416558011,2.22017595712673,1,1,3.3446603807886,2.04999656090594,4.208,0.175167165261914,1.52699639649944,20.4812326052355,2.66729993281407,48.4137730634668,0.205166259318298,0.645989073048748,0.286526185464851,12.2647865716112,6.68303410205488,9.46849326786508,6.42560083646962,0.66897175856968,0.5,0.270248830318451,1.375,NA,0.982570839854923,0.739004473921546,20.276
"counter_1970_TPG.TSR.TDE.TIE",1970,"TPG","TSR","TDE","TIE","France",2060,2,3,1.84621643783986,1.29946237044693,1.00492259323647,0.707316362457828,0.819853976974278,2.23900358479586,1,1,3.83670509813526,1.98749489760434,5.227,0.183151607885826,1.35515362910299,21.6804783991646,2.41152867065398,46.4621722772771,0.265983336878657,0.632350523948397,0.316245197005865,12.3431929630903,6.64286709352167,9.26233573897905,7.08338801932131,0.66897175856968,0.5,0.270248830318451,1.375,NA,0.982570839854923,0.739004473921546,20.276
"counter_1970_TPG.TSR.TDE.TIE",1970,"TPG","TSR","TDE","TIE","France",2070,3,3,1.87868886093398,1.37984145072725,1.01106627673088,0.742598301973306,0.858609575026038,2.18158881896264,1,1,4.34646907872144,2.18611473593502,6.015,0.188448932666468,1.35754996551753,22.520224227837,2.26175162220384,49.0410312568905,0.277394999381307,0.623403073720064,0.322715032681859,12.6328638361802,6.69845169125383,9.95612808056,8.16566304258796,0.66897175856968,0.5,0.270248830318451,1.375,NA,0.982570839854923,0.739004473921546,20.276
"counter_1970_TPG.TSR.TDE.TIE",1970,"TPG","TSR","TDE","TIE","France",2080,4,3,1.83170370187444,1.40498489391427,1.00872699511094,0.773731138264388,0.897365173077799,2.12336349878076,1,1,4.70272202742602,2.41407620018211,6.454,0.19114366249568,1.33467513890962,22.9615992621819,2.19091051224434,49.518764260139,0.271347687104737,0.618882077182789,0.32066032364102,12.8847642056731,6.74356512850275,10.2120643147102,8.6139933465227,0.66897175856968,0.5,0.270248830318451,1.375,NA,0.982570839854923,0.739004473921546,20.276
"counter_1970_TPG.TSR.TDE.TIE",1970,"TPG","TSR","TDE","TIE","United States",1970,1,1,1.5292795645603,0.45598255062876,1.59727372629601,0.476256248136138,0.560957405255052,3.00821080726832,1,1,0.653902676249728,0.142415238128972,1,0.170099987957235,1,15.4236029171944,7.41639708280562,22.84,0.346097323750272,0.67528909444809,0.25721,9.66447791345474,1.66555877459957,4.52187627888963,1,0.66897175856968,0.5,0.32471090555191,1.23365228439284,NA,1.53326307965775,0.137863456734155,22.84
"counter_1970_TPG.TSR.TDE.TIE",1970,"TPG","TSR","TDE","TIE","United States",1980,2,1,1.782992923458,0.54880284102489,1.76140352737387,0.542157653738335,0.634152212887378,3.01784337176523,1,1,0.797412309316031,0.140031501588137,1.296,0.17679439071515,1.097052858479,16.531754455479,6.44240966246432,27.2959009417224,0.384712724293186,0.664429744223413,0.282913346974748,9.93367065123422,1.65537044310799,5.90345018169819,1.42178050458879,0.66897175856968,0.5,0.32471090555191,1.23365228439284,NA,1.53326307965775,0.137863456734155,22.84
"counter_1970_TPG.TSR.TDE.TIE",1970,"TPG","TSR","TDE","TIE","United States",1990,3,1,1.9579478111275,0.607457287161162,1.60929895769471,0.499288271891971,0.668439713869851,3.04219763970614,1,1,0.960757995536182,0.13421318118154,1.666,0.183457794788051,1.12912005665265,17.7197958988937,5.63346809805022,30.6049727380557,0.423314528489686,0.653742681637926,0.309094882951478,10.1906624510534,1.66849029834067,6.8812479135479,1.88111401438331,0.66897175856968,0.5,0.32471090555191,1.23365228439284,NA,1.53326307965775,0.137863456734155,22.84
"counter_1970_TPG.TSR.TDE.TIE",1970,"TPG","TSR","TDE","TIE","United States",2000,4,1,2.19587923516963,0.645645510635254,1.70356699419654,0.500892929015935,0.644116777375506,3.17399097505032,1,1,1.07681431169911,0.107287530571471,2.051,0.189106909484681,1.15287868707633,18.7987371435159,5.0495895791618,33.6126915797257,0.474980832911208,0.644776195482723,0.347119273648067,10.1586134724561,1.6606228173355,7.45167015936869,2.36455418719356,0.66897175856968,0.5,0.32471090555191,1.23365228439284,NA,1.53326307965775,0.137863456734155,22.84
"counter_1970_TPG.TSR.TDE.TIE",1970,"TPG","TSR","TDE","TIE","United States",2010,1,2,2.53428059597028,0.857860696445322,1.65717286407272,0.560957405255052,0.647220327049491,2.76095285202702,1,1,1.78428398421225,0.22398945642273,3.218,0.201756331391924,1.40518218734917,21.4792027210949,4.00475038440704,48.2911788282686,0.445530147852006,0.625004271887359,0.316023932985518,12.0070799131808,1.98632883720899,10.3338443785913,4.52187627888963,0.66897175856968,0.5,0.32471090555191,1.23365228439284,NA,1.53326307965775,0.137863456734155,22.84
"counter_1970_TPG.TSR.TDE.TIE",1970,"TPG","TSR","TDE","TIE","United States",2020,2,2,2.57490120030118,1.13068890797343,1.4441454962745,0.634152212887378,0.687350319801348,2.16820059796177,1,1,2.29268998010786,0.802416078411499,3.113,0.200805716556697,1.89638618107876,21.2641217960449,4.07270554236985,64.368001000902,0.263511088947043,0.626475672690695,0.190214783526139,14.0866745320692,2.3752997986898,13.2962541660344,5.90345018169819,0.66897175856968,0.5,0.32471090555191,1.23365228439284,NA,1.53326307965775,0.137863456734155,22.84
"counter_1970_TPG.TSR.TDE.TIE",1970,"TPG","TSR","TDE","TIE","United States",2030,3,2,2.53631450671889,1.30877007464217,1.29539433702185,0.668439713869851,0.723180221906701,1.87540329832733,1,1,2.71308936463477,1.72606169608173,3.103,0.200713675226969,2.21761131599997,21.2434204516304,4.07936621566681,75.1807798442357,0.125656021709709,0.626618261764315,0.111189151684199,15.4477399522913,2.62539859996813,15.2573961745084,6.8812479135479,0.66897175856968,0.5,0.32471090555191,1.23365228439284,NA,1.53326307965775,0.137863456734155,22.84
"counter_1970_TPG.TSR.TDE.TIE",1970,"TPG","TSR","TDE","TIE","United States",2040,4,2,2.62225022135419,1.41440265646325,1.19416868621722,0.644116777375506,0.732544941351919,1.80171368933334,1,1,2.84170827737426,2.13291193518227,3.096,0.200649086544399,2.40687020651444,21.2289065314988,4.08404888379733,81.5282078443398,0.0821355693235593,0.626718334654177,0.0886640998361543,15.829431306856,2.70027915498118,16.4356538943545,7.45167015936869,0.66897175856968,0.5,0.32471090555191,1.23365228439284,NA,1.53326307965775,0.137863456734155,22.84
"counter_1970_TPG.TSR.TDE.TIE",1970,"TPG","TSR","TDE","TIE","United States",2050,1,3,2.89444015726975,1.64023791615906,1.14211510827655,0.647220327049491,0.747184873752377,1.7261860282544,1,1,3.57023943045999,2.67404549429573,3.894,0.207278510477076,2.65378643518009,22.7758698826224,3.63836662356293,98.04060902409,0.0831434436415035,0.616502642584345,0.0895478896855963,16.8543561437778,2.87962255697238,19.6912371457232,10.3338443785913,0.66897175856968,0.5,0.32471090555191,1.23365228439284,NA,1.53326307965775,0.137863456734155,22.84
"counter_1970_TPG.TSR.TDE.TIE",1970,"TPG","TSR","TDE","TIE","United States",2060,2,3,2.89065045083271,1.76985916348389,1.1226257731732,0.687350319801348,0.770998225823901,1.61463822150499,1,1,4.59974472603707,3.80496048153655,4.873,0.213899376407568,2.72855615966231,24.4427996167743,3.25558847214385,109.980683239377,0.0560753691694921,0.606411503268986,0.0769398321303854,18.2173683255656,3.11265665311805,21.9526749711688,13.2962541660344,0.66897175856968,0.5,0.32471090555191,1.23365228439284,NA,1.53326307965775,0.137863456734155,22.84
"counter_1970_TPG.TSR.TDE.TIE",1970,"TPG","TSR","TDE","TIE","United States",2070,3,3,2.80357441480813,1.83421248779415,1.10537333102076,0.723180221906701,0.807877912939298,1.53565149865467,1,1,5.44212277509765,4.95860038367962,5.6,0.218072038391295,2.72453503116221,25.5606935820681,3.04156900353093,116.047428364124,0.0281923615897054,0.600108128778468,0.0646485883464901,19.2238317676851,3.26181543881292,23.3862472584064,15.2573961745084,0.66897175856968,0.5,0.32471090555191,1.23365228439284,NA,1.53326307965775,0.137863456734155,22.84
"counter_1970_TPG.TSR.TDE.TIE",1970,"TPG","TSR","TDE","TIE","United States",2080,4,3,2.83511585119552,1.92091613461196,1.08117670392698,0.732544941351919,0.844757600054696,1.50658307740546,1,1,5.79717188185585,5.48503974740921,5.897,0.219635753814807,2.78712123017712,25.9937541901934,2.96620828270927,121.199316868671,0.0169286278012796,0.597757033845303,0.0598941597502251,19.6182002165627,3.28882820434508,24.9319899676294,16.4356538943545,0.66897175856968,0.5,0.32471090555191,1.23365228439284,NA,1.53326307965775,0.137863456734155,22.84
"counter_1970_FPG.TSR.TDE.TIE",1970,"FPG","TSR","TDE","TIE","France",1970,1,1,1.48550559563973,0.546489342702738,1.13420764298084,0.417253486705376,0.583439336814264,3.84625995412632,1,1,NA,NA,1.00716566875034,0.156235668491095,0.992885312741814,14.8250136047272,5.45108821387755,20.1706264832088,0.331617924795342,0.729751169681549,0.33749,8.40108250496008,4.88361049892914,3.89949046462388,1,0.66897175856968,0.5,0.270248830318451,1,NA,0.982570839854923,0.739004473921546,20.276
"counter_1970_FPG.TSR.TDE.TIE",1970,"FPG","TSR","TDE","TIE","France",1980,2,1,1.32012254940728,0.516253298645703,1.13420764298084,0.443548545777756,0.612781620210724,3.66932515534639,1,1,NA,NA,1.88812521358776,0.156235668491095,0.929961298349881,17.5692847218554,3.44597650720382,22.3894876909143,0.295549266416652,0.729751169681549,0.315815826720077,10.2819340990452,5.92604890195853,4.41653885974815,1.75588337507522,0.66897175856968,0.5,0.270248830318451,1,NA,0.982570839854923,0.739004473921546,20.276
"counter_1970_FPG.TSR.TDE.TIE",1970,"FPG","TSR","TDE","TIE","France",1990,3,1,1.46801294480825,0.628505945581033,1.13420764298084,0.485592616644142,0.666510958052407,3.43706681845696,1,1,1.71384091001505,0.412874131259479,3.239,0.165851652908717,0.776764631443048,19.1761567675988,3.02094370579939,22.4958753884091,0.470873445503227,0.662137395718009,0.428179626005658,9.28950855493666,5.10881147976883,4.60680938477194,2.51594064124403,0.66897175856968,0.5,0.270248830318451,1.375,NA,0.982570839854923,0.739004473921546,20.276
"counter_1970_FPG.TSR.TDE.TIE",1970,"FPG","TSR","TDE","TIE","France",2000,4,1,1.49929155461176,0.693625743497129,1.13420764298084,0.52472490572151,0.683436019881079,3.20564925646149,1,1,2.15758319904464,0.533107638696181,4.055,0.173827487356943,0.797742606337818,20.2874908145883,2.71420214583962,24.9642224824506,0.467920296166549,0.648295608239407,0.424975532023971,9.80442982626552,5.37883193203228,5.07795126895796,3.23484626869985,0.66897175856968,0.5,0.270248830318451,1.375,NA,0.982570839854923,0.739004473921546,20.276
"counter_1970_FPG.TSR.TDE.TIE",1970,"FPG","TSR","TDE","TIE","France",2010,1,2,1.68487180026539,0.866702399553922,1.13420764298084,0.583439336814264,0.685327857682168,2.88555261409393,1,1,2.31441375184134,0.784032244946159,3.789,0.171391582393864,1.02916085104879,19.940517947556,2.80272372897977,31.4511948773921,0.389175573544118,0.652503044837007,0.377730017834245,10.4539608114435,5.79816536539801,6.16907229723892,3.89949046462388,0.66897175856968,0.5,0.270248830318451,1.375,NA,0.982570839854923,0.739004473921546,20.276
"counter_1970_FPG.TSR.TDE.TIE",1970,"FPG","TSR","TDE","TIE","France",2020,2,2,1.49729308520909,0.808946834702507,1.13420764298084,0.612781620210724,0.707316362457828,2.77509088420604,1,1,2.94968226553413,0.904670596910526,5.075,0.182050950311571,0.87025396251195,21.5105093168746,2.4445297060358,29.5159664091761,0.418781819599186,0.634219652819521,0.394367875841576,10.8591510335261,5.97200734542309,5.82848262093957,4.41653885974815,0.66897175856968,0.5,0.270248830318451,1.375,NA,0.982570839854923,0.739004473921546,20.276
"counter_1970_FPG.TSR.TDE.TIE",1970,"FPG","TSR","TDE","TIE","France",2030,3,2,1.66503150199632,0.97844671427748,1.13420764298084,0.666510958052407,0.742598301973306,2.59226018783591,1,1,2.76680013516172,1.16149876361308,4.128,0.174471993771182,1.11599064553584,20.3804373124496,2.69148422767726,35.1435321916526,0.32974802927284,0.647185299092549,0.34560706021013,11.2015953389355,6.12779343019375,6.98110580707174,4.60680938477194,0.66897175856968,0.5,0.270248830318451,1.375,NA,0.982570839854923,0.739004473921546,20.276
"counter_1970_FPG.TSR.TDE.TIE",1970,"FPG","TSR","TDE","TIE","France",2040,4,2,1.70050794029728,1.02466985272518,1.13420764298084,0.683436019881079,0.773731138264388,2.56324062031965,1,1,2.98613793480449,1.21044724606207,4.532,0.17787135147683,1.12046585811076,20.8787421054448,2.57627136705418,36.4760981469633,0.341099308295567,0.641349236291548,0.351913325331702,11.3263212514682,6.11580599852887,7.41173039519832,5.07795126895796,0.66897175856968,0.5,0.270248830318451,1.375,NA,0.982570839854923,0.739004473921546,20.276
"counter_1970_FPG.TSR.TDE.TIE",1970,"FPG","TSR","TDE","TIE","France",2050,1,3,1.91099447330389,1.15468958134498,1.13420764298084,0.685327857682168,0.800578416558011,2.58641573531306,1,1,3.2281999678279,1.17115135315445,5.16,0.182669905511687,1.19555664675173,21.6059040341098,2.42588815441991,40.7965615866918,0.374379851196143,0.633168119381076,0.369761945717654,11.3434336073471,6.03581656733066,8.50842072767859,6.16907229723892,0.66897175856968,0.5,0.270248830318451,1.375,NA,0.982570839854923,0.739004473921546,20.276
"counter_1970_FPG.TSR.TDE.TIE",1970,"FPG","TSR","TDE","TIE","France",2060,2,3,1.69824126102652,1.05905989856335,1.13420764298084,0.707316362457828,0.819853976974278,2.52705531314429,1,1,3.43206984466771,1.27522310343603,5.433,0.184599930498678,1.07279267825135,21.9064710966038,2.36912030593363,37.3094783288106,0.368291948340197,0.629896285111381,0.366641478578222,11.5358954079116,6.103614039494,7.82765280567344,5.82848262093957,0.66897175856968,0.5,0.270248830318451,1.375,NA,0.982570839854923,0.739004473921546,20.276
"counter_1970_FPG.TSR.TDE.TIE",1970,"FPG","TSR","TDE","TIE","France",2070,3,3,1.8884914553681,1.23644956611453,1.13420764298084,0.742598301973306,0.858609575026038,2.44729229849251,1,1,3.69665734373736,1.43436216886724,5.747,0.186718612493414,1.21473913469145,22.2419173883593,2.30908742336463,43.1381111025014,0.356767471074063,0.626316887589628,0.360756213081106,11.7963561447584,6.15837433360043,9.20068465393769,6.98110580707174,0.66897175856968,0.5,0.270248830318451,1.375,NA,0.982570839854923,0.739004473921546,20.276
"counter_1970_FPG.TSR.TDE.TIE",1970,"FPG","TSR","TDE","TIE","France",2080,4,3,1.92872910283478,1.31573594427385,1.13420764298084,0.773731138264388,0.897365173077799,2.38749941343526,1,1,3.84280528784722,1.57053726413891,5.838,0.187313855866565,1.26956670010249,22.3372120390092,2.29263551093359,45.350976879352,0.341759971249192,0.625313555059625,0.353230160366522,11.9792423846051,6.17378181243368,9.84234947218524,7.41173039519832,0.66897175856968,0.5,0.270248830318451,1.375,NA,0.982570839854923,0.739004473921546,20.276
"counter_1970_FPG.TSR.TDE.TIE",1970,"FPG","TSR","TDE","TIE","United States",1970,1,1,1.5292795645603,0.45598255062876,1.59727372629601,0.476256248136138,0.560957405255052,3.00821080726832,1,1,0.653902676249728,0.142415238128972,1,0.170099987957235,1,15.4236029171944,7.41639708280562,22.84,0.346097323750272,0.67528909444809,0.25721,9.66447791345474,1.66555877459957,4.52187627888963,1,0.66897175856968,0.5,0.32471090555191,1.23365228439284,NA,1.53326307965775,0.137863456734155,22.84
"counter_1970_FPG.TSR.TDE.TIE",1970,"FPG","TSR","TDE","TIE","United States",1980,2,1,1.61685139523777,0.54880284102489,1.59727372629601,0.542157653738335,0.634152212887378,2.73663692213898,1,1,0.879351379339163,0.234699303723093,1.276,0.176387542516,1.11424804434858,16.4620332406724,6.49662697712554,27.5795659260832,0.310853150988117,0.665086187127875,0.229360558104128,10.6348304568535,1.78673129222833,5.8026647380549,1.42178050458879,0.66897175856968,0.5,0.32471090555191,1.23365228439284,NA,1.53326307965775,0.137863456734155,22.84
"counter_1970_FPG.TSR.TDE.TIE",1970,"FPG","TSR","TDE","TIE","United States",1990,3,1,1.94331735642994,0.607457287161162,1.59727372629601,0.499288271891971,0.668439713869851,3.01946530001057,1,1,0.96799115602976,0.139634811938618,1.665,0.183441654365241,1.12979820683682,17.7168100518991,5.63526086126709,30.6169884083395,0.418623930312456,0.653768422959983,0.305265355110948,10.2455856315105,1.66485076439852,6.87238017990487,1.88111401438331,0.66897175856968,0.5,0.32471090555191,1.23365228439284,NA,1.53326307965775,0.137863456734155,22.84
"counter_1970_FPG.TSR.TDE.TIE",1970,"FPG","TSR","TDE","TIE","United States",2000,4,1,2.05886837465388,0.645645510635254,1.59727372629601,0.500892929015935,0.644116777375506,2.97595128880716,1,1,1.1484727320614,0.150757578699939,2.031,0.188837948070781,1.16423150526517,18.7458005060936,5.07552652721502,33.8258090427482,0.434528443101231,0.645201169114056,0.314869834590864,10.6332445331648,1.76232046665606,7.36746590281224,2.36455418719356,0.66897175856968,0.5,0.32471090555191,1.23365228439284,NA,1.53326307965775,0.137863456734155,22.84
"counter_1970_FPG.TSR.TDE.TIE",1970,"FPG","TSR","TDE","TIE","United States",2010,1,2,2.44267806863357,0.857860696445322,1.59727372629601,0.560957405255052,0.647220327049491,2.66115717056014,1,1,1.85119616741766,0.272047348664105,3.198,0.201577447150423,1.41397006844579,21.4385511638895,4.01742238096189,48.4797566233352,0.421139409813116,0.625280978452608,0.297538366936658,12.3104539536432,2.0524604454237,10.2603734540808,4.52187627888963,0.66897175856968,0.5,0.32471090555191,1.23365228439284,NA,1.53326307965775,0.137863456734155,22.84
"counter_1970_FPG.TSR.TDE.TIE",1970,"FPG","TSR","TDE","TIE","United States",2020,2,2,2.58255425293834,1.02532989020008,1.59727372629601,0.634152212887378,0.687350319801348,2.39810313946743,1,1,2.24687041190048,0.471311931843247,3.526,0.204391147627564,1.64567916564234,22.0876790715712,3.82410260523174,58.5392186075612,0.362770728332253,0.620938135665242,0.253926263499924,13.4327795677103,2.2234878168351,12.5061022516419,5.8026647380549,0.66897175856968,0.5,0.32471090555191,1.23365228439284,NA,1.53326307965775,0.137863456734155,22.84
"counter_1970_FPG.TSR.TDE.TIE",1970,"FPG","TSR","TDE","TIE","United States",2030,3,2,3.10400975528056,1.29899049769034,1.59727372629601,0.668439713869851,0.723180221906701,2.31244828622144,1,1,2.21403304812865,0.571094871223212,3.277,0.202278239001073,2.09715599020594,21.5982815288037,3.96808095420019,72.5651263881884,0.324371971886283,0.624197431201027,0.228773543587406,13.6066995159052,2.23329152293564,15.8566155785308,6.87238017990487,0.66897175856968,0.5,0.32471090555191,1.23365228439284,NA,1.53326307965775,0.137863456734155,22.84
"counter_1970_FPG.TSR.TDE.TIE",1970,"FPG","TSR","TDE","TIE","United States",2040,4,2,3.28857636073641,1.3261516625224,1.59727372629601,0.644116777375506,0.732544941351919,2.40990236261857,1,1,2.24032076334771,0.45925503912114,3.538,0.204489522789256,2.08238154403964,22.1107540813964,3.81756946684375,74.1688391024876,0.366783277742309,0.620786664333201,0.256704586244613,13.3954200338301,2.17320162030609,16.5694441090402,7.36746590281224,0.66897175856968,0.5,0.32471090555191,1.23365228439284,NA,1.53326307965775,0.137863456734155,22.84
"counter_1970_FPG.TSR.TDE.TIE",1970,"FPG","TSR","TDE","TIE","United States",2050,1,3,3.90162550082789,1.58095089845764,1.59727372629601,0.647220327049491,0.747184873752377,2.41411007493861,1,1,2.62976891347045,0.455044420956261,4.365,0.210632427439343,2.35060102040796,23.604406912627,3.43738552236515,90.7534021400629,0.397532894966678,0.611377002586798,0.275561067407631,13.8521878952603,2.22841951328245,20.5558482258426,10.2603734540808,0.66897175856968,0.5,0.32471090555191,1.23365228439284,NA,1.53326307965775,0.137863456734155,22.84
"counter_1970_FPG.TSR.TDE.TIE",1970,"FPG","TSR","TDE","TIE","United States",2060,2,3,4.12504605495243,1.7751194916615,1.59727372629601,0.687350319801348,0.770998225823901,2.29730981624751,1,1,3.03174851505654,0.591246885610315,4.876,0.213917730801506,2.56482818942614,24.4475997109715,3.25460373638951,103.406300018369,0.378230411186108,0.60638368156841,0.260431752617673,14.5985994558248,2.33972320306455,23.5300775249503,12.5061022516419,0.66897175856968,0.5,0.32471090555191,1.23365228439284,NA,1.53326307965775,0.137863456734155,22.84
"counter_1970_FPG.TSR.TDE.TIE",1970,"FPG","TSR","TDE","TIE","United States",2070,3,3,4.95795322827614,2.24475846362436,1.59727372629601,0.723180221906701,0.807877912939298,2.21902928423568,1,1,3.19821806468394,0.710011399607093,4.963,0.214445584533786,3.19496586309305,24.5860819954832,3.22645292101133,129.71231633348,0.355587736311921,0.605583917573605,0.244720112483693,14.9852748049005,2.37190886462534,30.0834327864735,15.8566155785308,0.66897175856968,0.5,0.32471090555191,1.23365228439284,NA,1.53326307965775,0.137863456734155,22.84
"counter_1970_FPG.TSR.TDE.TIE",1970,"FPG","TSR","TDE","TIE","United States",2080,4,3,5.25275661792242,2.40902997730696,1.59727372629601,0.732544941351919,0.844757600054696,2.22574677874714,1,1,3.15442829627879,0.698770141066323,4.897,0.214045924392066,3.38359079212582,24.4811536603207,3.24773705671642,136.6474037478,0.355844742438475,0.606189388409893,0.24506958949215,14.9203783539031,2.3243636929873,32.6490172503084,16.5694441090402,0.66897175856968,0.5,0.32471090555191,1.23365228439284,NA,1.53326307965775,0.137863456734155,22.84
"counter_1970_TPG.FSR.TDE.TIE",1970,"TPG","FSR","TDE","TIE","France",1970,1,1,1.48550559563973,0.546489342702738,1.13420764298084,0.417253486705376,0.583439336814264,3.84625995412632,1,1,NA,NA,1.00716566875034,0.156235668491095,0.992885312741814,14.8250136047272,5.45108821387755,20.1706264832088,0.331617924795342,0.729751169681549,0.33749,8.40108250496008,4.88361049892914,3.89949046462388,1,0.66897175856968,0.5,0.270248830318451,1,NA,0.982570839854923,0.739004473921546,20.276
"counter_1970_TPG.FSR.TDE.TIE",1970,"TPG","FSR","TDE","TIE","France",1980,2,1,1.61880130424307,0.485648055739549,1.39082300545825,0.417253486705376,0.583439336814264,4.71647926398434,1,1,NA,NA,2.0315154924949,0.156235668491095,0.864321922014396,17.9202933531956,3.2667357044313,21.2249093082713,0.466072877660214,0.729751169681549,0.426798411016315,8.78618233441131,5.00313780361043,4.35339989610549,1.75588337507522,0.66897175856968,0.5,0.270248830318451,1,NA,0.982570839854923,0.739004473921546,20.276
"counter_1970_TPG.FSR.TDE.TIE",1970,"TPG","FSR","TDE","TIE","France",1990,3,1,1.76238219028369,0.540054128131293,1.36164150128402,0.417253486705376,0.583439336814264,4.61752061950586,1,1,1.42757947459685,0.139853870164812,3.952,0.172900979016909,0.636624656185231,20.154717288246,2.74736937689654,19.7432082359834,0.638770375861122,0.649893867844372,0.550654375959172,7.61846165848439,4.24983956382315,4.02629895961016,2.51594064124403,0.66897175856968,0.5,0.270248830318451,1.375,NA,0.982570839854923,0.739004473921546,20.276
"counter_1970_TPG.FSR.TDE.TIE",1970,"TPG","FSR","TDE","TIE","France",2000,4,1,1.81959142137297,0.551560935619836,1.37651312106404,0.417253486705376,0.583439336814264,4.66795240416793,1,1,1.77778716183384,0.134393019407354,5.537,0.185313149376115,0.584223635307902,22.0187454349442,2.34865000841688,20.4613932191316,0.678925923454246,0.628689912028793,0.579649614099761,7.68995047295815,4.27971134328445,4.18495824299184,3.23484626869985,0.66897175856968,0.5,0.270248830318451,1.375,NA,0.982570839854923,0.739004473921546,20.276
"counter_1970_TPG.FSR.TDE.TIE",1970,"TPG","FSR","TDE","TIE","France",2010,1,2,1.97324079979518,0.619832389301024,1.32832942910956,0.417253486705376,0.583439336814264,4.50455462955992,1,1,1.97618580815309,0.153149917842017,6.115,0.189077454986286,0.637692635261469,22.6222986039533,2.2449209587007,23.1801210847145,0.676829794251335,0.622346758228959,0.57589386417491,7.94138024089784,4.42570240967334,4.69505908981166,3.89949046462388,0.66897175856968,0.5,0.270248830318451,1.375,NA,0.982570839854923,0.739004473921546,20.276
"counter_1970_TPG.FSR.TDE.TIE",1970,"TPG","FSR","TDE","TIE","France",2020,2,2,1.83717278352147,0.675450488478632,1.13489702454898,0.417253486705376,0.583439336814264,3.84859774538973,1,1,2.36961919703651,0.272728801738036,6.229,0.189783165653384,0.698892261375098,22.7375385063775,2.22624872952408,25.5828406926407,0.619582726434979,0.621162047473363,0.527587872473006,8.88469869050256,5.00986687555671,4.94663550502171,4.35339989610549,0.66897175856968,0.5,0.270248830318451,1.375,NA,0.982570839854923,0.739004473921546,20.276
"counter_1970_TPG.FSR.TDE.TIE",1970,"TPG","FSR","TDE","TIE","France",2030,3,2,1.85812632086635,0.735360113803328,1.05432654228493,0.417253486705376,0.583439336814264,3.57537174366537,1,1,2.16685965555502,0.35726941208162,4.861,0.180452056687345,0.82828614680316,21.2662949686096,2.49369905775348,27.6549554381428,0.554235824818964,0.636941092012551,0.481712652355627,9.20223051115226,5.2286154651817,5.22338676550079,4.02629895961016,0.66897175856968,0.5,0.270248830318451,1.375,NA,0.982570839854923,0.739004473921546,20.276
"counter_1970_TPG.FSR.TDE.TIE",1970,"TPG","FSR","TDE","TIE","France",2040,4,2,1.81585672907761,0.759230864947061,0.997947510495219,0.417253486705376,0.583439336814264,3.38418240230697,1,1,2.30467424878705,0.437028525318422,4.873,0.180543306439556,0.858805303302245,21.280147232523,2.49085289484489,28.6996186527045,0.527052278106496,0.636785579609823,0.462601166186244,9.54690028172362,5.45236333584967,5.32216813095369,4.18495824299184,0.66897175856968,0.5,0.270248830318451,1.375,NA,0.982570839854923,0.739004473921546,20.276
"counter_1970_TPG.FSR.TDE.TIE",1970,"TPG","FSR","TDE","TIE","France",2050,1,3,1.92115195712475,0.823341603823843,0.973602389188466,0.417253486705376,0.583439336814264,3.30162462222146,1,1,2.44387700431486,0.478452360151788,5.104,0.182263123215004,0.919878348317332,21.5431557520993,2.43811521087916,31.2641775136304,0.521183972508844,0.63385907152505,0.458165094174734,9.72792989458336,5.56735544731902,5.74882564846043,4.69505908981166,0.66897175856968,0.5,0.270248830318451,1.375,NA,0.982570839854923,0.739004473921546,20.276
"counter_1970_TPG.FSR.TDE.TIE",1970,"TPG","FSR","TDE","TIE","France",2060,2,3,1.84621643783986,0.766566749604555,1.00492259323647,0.417253486705376,0.583439336814264,3.40783590313675,1,1,2.67933672544344,0.426008675444884,6.146,0.189270483437924,0.804854459001255,22.6537530525352,2.23979012877795,29.3123995322564,0.564051948349586,0.622022572303644,0.485964118266503,9.6368360609506,5.49115876075391,5.44842191643418,4.94663550502171,0.66897175856968,0.5,0.270248830318451,1.375,NA,0.982570839854923,0.739004473921546,20.276
"counter_1970_TPG.FSR.TDE.TIE",1970,"TPG","FSR","TDE","TIE","France",2070,3,3,1.87868886093398,0.775309686120515,1.01106627673088,0.417253486705376,0.583439336814264,3.42867001049056,1,1,2.78033626222918,0.416593723770502,6.553,0.19172923973819,0.79709854501767,23.0588136947741,2.17596204608865,29.7460381997095,0.57571551011305,0.617902347954273,0.493557106187186,9.64052069508145,5.4871940675457,5.54043245202739,5.22338676550079,0.66897175856968,0.5,0.270248830318451,1.375,NA,0.982570839854923,0.739004473921546,20.276
"counter_1970_TPG.FSR.TDE.TIE",1970,"TPG","FSR","TDE","TIE","France",2080,4,3,1.83170370187444,0.757672551565051,1.00872699511094,0.417253486705376,0.583439336814264,3.42073717273208,1,1,2.90558354252784,0.420147053713143,6.966,0.194091835406361,0.764020690633604,23.4558454907338,2.11719679539795,29.1888285826498,0.582890677213919,0.613959248843506,0.497959340533216,9.69833028828239,5.5170367952718,5.43265893812572,5.32216813095369,0.66897175856968,0.5,0.270248830318451,1.375,NA,0.982570839854923,0.739004473921546,20.276
"counter_1970_TPG.FSR.TDE.TIE",1970,"TPG","FSR","TDE","TIE","United States",1970,1,1,1.5292795645603,0.45598255062876,1.59727372629601,0.476256248136138,0.560957405255052,3.00821080726832,1,1,0.653902676249728,0.142415238128972,1,0.170099987957235,1,15.4236029171944,7.41639708280562,22.84,0.346097323750272,0.67528909444809,0.25721,9.66447791345474,1.66555877459957,4.52187627888963,1,0.66897175856968,0.5,0.32471090555191,1.23365228439284,NA,1.53326307965775,0.137863456734155,22.84
"counter_1970_TPG.FSR.TDE.TIE",1970,"TPG","FSR","TDE","TIE","United States",1980,2,1,1.782992923458,0.482093686643986,1.76140352737387,0.476256248136138,0.560957405255052,3.31732316119289,1,1,0.797412309316031,0.0849709365467957,1.484,0.180366544654592,0.958073116299721,17.1576569812197,5.99101762178889,24.9562019497062,0.462660168924507,0.658685561429847,0.342373297620856,9.4211783431352,1.60263566396926,5.07041208680518,1.42178050458879,0.66897175856968,0.5,0.32471090555191,1.23365228439284,NA,1.53326307965775,0.137863456734155,22.84
"counter_1970_TPG.FSR.TDE.TIE",1970,"TPG","FSR","TDE","TIE","United States",1990,3,1,1.9579478111275,0.579435457977125,1.60929895769471,0.476256248136138,0.560957405255052,3.03085841641504,1,1,0.960757995536182,0.136885651168551,1.658,0.183328427498364,1.13456816307799,17.695879155916,5.64785848111811,30.7014468480626,0.420531968916657,0.653949020948003,0.306802485790381,10.2119955315878,1.7446825349526,6.09197961444455,1.88111401438331,0.66897175856968,0.5,0.32471090555191,1.23365228439284,NA,1.53326307965775,0.137863456734155,22.84
"counter_1970_TPG.FSR.TDE.TIE",1970,"TPG","FSR","TDE","TIE","United States",2000,4,1,2.19587923516963,0.61388909826536,1.70356699419654,0.476256248136138,0.560957405255052,3.20839725745162,1,1,1.07681431169911,0.1013506541188,2.083,0.189532382669512,1.13516763667478,18.8828061471806,5.0089162975553,33.2790044325694,0.483046417811276,0.644104317222448,0.35351045494969,10.0998557863234,1.71275532424792,6.70452111863998,2.36455418719356,0.66897175856968,0.5,0.32471090555191,1.23365228439284,NA,1.53326307965775,0.137863456734155,22.84
"counter_1970_TPG.FSR.TDE.TIE",1970,"TPG","FSR","TDE","TIE","United States",2010,1,2,2.53428059597028,0.728328947768756,1.65717286407272,0.476256248136138,0.560957405255052,3.12102129844431,1,1,1.78428398421225,0.117257205157357,3.839,0.206863135865919,1.17787868686888,22.6754599333946,3.66433652188508,43.2786173666758,0.535221676422963,0.617139423475677,0.386713418279954,11.307850265105,1.92005600925298,8.65486421163618,4.52187627888963,0.66897175856968,0.5,0.32471090555191,1.23365228439284,NA,1.53326307965775,0.137863456734155,22.84
"counter_1970_TPG.FSR.TDE.TIE",1970,"TPG","FSR","TDE","TIE","United States",2020,2,2,2.57490120030118,0.849161520179392,1.4441454962745,0.476256248136138,0.560957405255052,2.71981816118331,1,1,1.96916762717424,0.242464213538086,3.576,0.204799061659478,1.41790047170167,22.1835294994016,3.79710938585063,50.7069462661479,0.449337911864026,0.620310218961229,0.317276723628869,12.3404856920698,2.13172970811206,9.75564590711737,5.07041208680518,0.66897175856968,0.5,0.32471090555191,1.23365228439284,NA,1.53326307965775,0.137863456734155,22.84
"counter_1970_TPG.FSR.TDE.TIE",1970,"TPG","FSR","TDE","TIE","United States",2030,3,2,2.53631450671889,0.932484878573946,1.29539433702185,0.476256248136138,0.560957405255052,2.43966903114335,1,1,2.4019022870809,0.430431964738654,3.943,0.207644111152322,1.54501131484772,22.8646444348999,3.61571092085615,57.3529715834704,0.390843954582578,0.615942528984348,0.272186350915451,13.5209110692589,2.36719522237781,10.6729739605264,6.09197961444455,0.66897175856968,0.5,0.32471090555191,1.23365228439284,NA,1.53326307965775,0.137863456734155,22.84
"counter_1970_TPG.FSR.TDE.TIE",1970,"TPG","FSR","TDE","TIE","United States",2040,4,2,2.62225022135419,1.04580120590194,1.19416868621722,0.476256248136138,0.560957405255052,2.24902663108998,1,1,2.55678160079537,0.661417154482182,3.788,0.206473117432565,1.76993693733896,22.5816136407246,3.68894606504918,64.7006488860818,0.325031256389819,0.617737731777734,0.227608537881178,14.1880366463028,2.51842125474916,11.7233637623164,6.70452111863998,0.66897175856968,0.5,0.32471090555191,1.23365228439284,NA,1.53326307965775,0.137863456734155,22.84
"counter_1970_TPG.FSR.TDE.TIE",1970,"TPG","FSR","TDE","TIE","United States",2050,1,3,2.89444015726975,1.20696696836102,1.14211510827655,0.476256248136138,0.560957405255052,2.15099200299826,1,1,2.99016864795024,0.836895934329969,4.34,0.210462871569003,1.99420834369497,23.561749541408,3.44718622432042,76.8219662112431,0.311021048859391,0.611635445496452,0.217083173406969,14.9458389617497,2.66953163013436,13.709303259897,8.65486421163618,0.66897175856968,0.5,0.32471090555191,1.23365228439284,NA,1.53326307965775,0.137863456734155,22.84
"counter_1970_TPG.FSR.TDE.TIE",1970,"TPG","FSR","TDE","TIE","United States",2060,2,3,2.89065045083271,1.22631278497668,1.1226257731732,0.476256248136138,0.560957405255052,2.11428694267004,1,1,3.37489643699641,0.916511133060759,4.948,0.214355179576352,1.97163417686285,24.5623042979277,3.23125117062882,79.9508208739129,0.317927155012852,0.605720842975123,0.220123994074212,15.4597118383478,2.76549938278264,14.1824019119972,9.75564590711737,0.66897175856968,0.5,0.32471090555191,1.23365228439284,NA,1.53326307965775,0.137863456734155,22.84
"counter_1970_TPG.FSR.TDE.TIE",1970,"TPG","FSR","TDE","TIE","United States",2070,3,3,2.80357441480813,1.2079356310632,1.10537333102076,0.476256248136138,0.560957405255052,2.08179471414319,1,1,3.80691659338632,0.994604107510007,5.652,0.218351204032871,1.88835349620071,25.6374312044815,3.0279290327195,80.729540569125,0.326447878027898,0.599687951984991,0.224125330203095,15.9895911295037,2.8639991788742,14.2425961228831,10.6729739605264,0.66897175856968,0.5,0.32471090555191,1.23365228439284,NA,1.53326307965775,0.137863456734155,22.84
"counter_1970_TPG.FSR.TDE.TIE",1970,"TPG","FSR","TDE","TIE","United States",2080,4,3,2.83511585119552,1.2488630520963,1.08117670392698,0.476256248136138,0.560957405255052,2.03622421866416,1,1,4.13505633548374,1.11789728247706,6.086,0.220593809762613,1.92628389127775,26.2629954894236,2.92126525661365,84.8370403974752,0.320562547570862,0.59631954286659,0.219553106550932,16.439361324309,2.9511793078496,14.8503662706809,11.7233637623164,0.66897175856968,0.5,0.32471090555191,1.23365228439284,NA,1.53326307965775,0.137863456734155,22.84
"counter_1970_FPG.FSR.TDE.TIE",1970,"FPG","FSR","TDE","TIE","France",1970,1,1,1.48550559563973,0.546489342702738,1.13420764298084,0.417253486705376,0.583439336814264,3.84625995412632,1,1,NA,NA,1.00716566875034,0.156235668491095,0.992885312741814,14.8250136047272,5.45108821387755,20.1706264832088,0.331617924795342,0.729751169681549,0.33749,8.40108250496008,4.88361049892914,3.89949046462388,1,0.66897175856968,0.5,0.270248830318451,1,NA,0.982570839854923,0.739004473921546,20.276
"counter_1970_FPG.FSR.TDE.TIE",1970,"FPG","FSR","TDE","TIE","France",1980,2,1,1.32012254940728,0.485648055739549,1.13420764298084,0.417253486705376,0.583439336814264,3.84625995412632,1,1,NA,NA,1.99001625141105,0.156235668491095,0.882346249097304,17.8206169458361,3.31631011251397,21.5470083119155,0.331617924795342,0.729751169681549,0.33749,10.0986398557854,5.87041296112729,4.16557976141351,1.75588337507522,0.66897175856968,0.5,0.270248830318451,1,NA,0.982570839854923,0.739004473921546,20.276
"counter_1970_FPG.FSR.TDE.TIE",1970,"FPG","FSR","TDE","TIE","France",1990,3,1,1.46801294480825,0.540054128131293,1.13420764298084,0.417253486705376,0.583439336814264,3.84625995412632,1,1,1.71384091001505,0.273337106850598,3.873,0.172176227017317,0.649610286920742,20.0515433947279,2.77374110643956,20.0042568358334,0.557490082619404,0.651145851842902,0.486769604087811,8.66333265140652,4.90204513598535,3.86717499371093,2.51594064124403,0.66897175856968,0.5,0.270248830318451,1.375,NA,0.982570839854923,0.739004473921546,20.276
"counter_1970_FPG.FSR.TDE.TIE",1970,"FPG","FSR","TDE","TIE","France",2000,4,1,1.49929155461176,0.551560935619836,1.13420764298084,0.417253486705376,0.583439336814264,3.84625995412632,1,1,2.15758319904464,0.273337106850598,5.424,0.184537655278283,0.596394961043483,21.8966987873619,2.37092049249195,20.7286441287911,0.602215486901799,0.630001689407707,0.516098999782821,8.81031585946494,4.97357254075457,4.00721378360788,3.23484626869985,0.66897175856968,0.5,0.270248830318451,1.375,NA,0.982570839854923,0.739004473921546,20.276
"counter_1970_FPG.FSR.TDE.TIE",1970,"FPG","FSR","TDE","TIE","France",2010,1,2,1.68487180026539,0.619832389301024,1.13420764298084,0.417253486705376,0.583439336814264,3.84625995412632,1,1,2.31441375184134,0.273337106850598,6.012,0.18842993713582,0.648617841753806,22.5171474747529,2.26226326320882,23.4266976208781,0.615034306080949,0.623435015634054,0.524537437075447,8.86738607130016,5.0002485585767,4.52906833244927,3.89949046462388,0.66897175856968,0.5,0.270248830318451,1.375,NA,0.982570839854923,0.739004473921546,20.276
"counter_1970_FPG.FSR.TDE.TIE",1970,"FPG","FSR","TDE","TIE","France",2020,2,2,1.49729308520909,0.550825736618579,1.13420764298084,0.417253486705376,0.583439336814264,3.84625995412632,1,1,2.78207373196531,0.273337106850598,7.876,0.198893587717843,0.528895348071801,24.2871162068318,2.0049626082688,21.1971744432679,0.64676565109633,0.605993162638343,0.545585163513457,9.04586424163075,5.09211759026703,4.09789122693294,4.16557976141351,0.66897175856968,0.5,0.270248830318451,1.375,NA,0.982570839854923,0.739004473921546,20.276
"counter_1970_FPG.FSR.TDE.TIE",1970,"FPG","FSR","TDE","TIE","France",2030,3,2,1.66503150199632,0.612533519749867,1.13420764298084,0.417253486705376,0.583439336814264,3.84625995412632,1,1,2.32258368029332,0.273337106850598,6.043,0.18862582854357,0.639942908110364,22.5488995368253,2.25699537918051,23.1582044355724,0.615657176850353,0.623105663672226,0.524952923626401,8.87039265841497,5.00222222648634,4.47709502367748,3.86717499371093,0.66897175856968,0.5,0.270248830318451,1.375,NA,0.982570839854923,0.739004473921546,20.276
"counter_1970_FPG.FSR.TDE.TIE",1970,"FPG","FSR","TDE","TIE","France",2040,4,2,1.70050794029728,0.62558462874968,1.13420764298084,0.417253486705376,0.583439336814264,3.84625995412632,1,1,2.35648048953381,0.273337106850598,6.173,0.18943791668173,0.649151754998846,22.681077134141,2.2353540301241,23.6810025076486,0.618260085933288,0.621741458037362,0.526666201256701,8.88299362338137,5.00778503622516,4.5782797620822,4.00721378360788,0.66897175856968,0.5,0.270248830318451,1.375,NA,0.982570839854923,0.739004473921546,20.276
"counter_1970_FPG.FSR.TDE.TIE",1970,"FPG","FSR","TDE","TIE","France",2050,1,3,1.91099447330389,0.703018633312297,1.13420764298084,0.417253486705376,0.583439336814264,3.84625995412632,1,1,2.37000598155526,0.273337106850598,6.225,0.189758594703806,0.727561177903497,22.7335149201646,2.22689488119072,26.6257819792959,0.619276147541323,0.621203272304382,0.527338703099498,8.88803018013401,5.01041412754846,5.14758327275459,4.52906833244927,0.66897175856968,0.5,0.270248830318451,1.375,NA,0.982570839854923,0.739004473921546,20.276
"counter_1970_FPG.FSR.TDE.TIE",1970,"FPG","FSR","TDE","TIE","France",2060,2,3,1.69824126102652,0.624750760423344,1.13420764298084,0.417253486705376,0.583439336814264,3.84625995412632,1,1,2.41302064728773,0.273337106850598,6.391,0.190766937268004,0.64119718775355,22.8993048138914,2.200610041186,23.7008304298551,0.62243457247884,0.619512885492943,0.529438591353516,8.90409073897707,5.01979050180831,4.58191617899737,4.09789122693294,0.66897175856968,0.5,0.270248830318451,1.375,NA,0.982570839854923,0.739004473921546,20.276
"counter_1970_FPG.FSR.TDE.TIE",1970,"FPG","FSR","TDE","TIE","France",2070,3,3,1.8884914553681,0.694740199682255,1.13420764298084,0.417253486705376,0.583439336814264,3.84625995412632,1,1,2.37072559208631,0.273337106850598,6.227,0.189770881894262,0.718981054067364,22.735526892605,2.22657172467493,26.3149862784251,0.619282866213857,0.621182656797506,0.527364425660493,8.88822384519721,5.01297807515807,5.08709850604216,4.47709502367748,0.66897175856968,0.5,0.270248830318451,1.375,NA,0.982570839854923,0.739004473921546,20.276
"counter_1970_FPG.FSR.TDE.TIE",1970,"FPG","FSR","TDE","TIE","France",2080,4,3,1.92872910283478,0.709542867259218,1.13420764298084,0.417253486705376,0.583439336814264,3.84625995412632,1,1,2.37372877059469,0.273337106850598,6.239,0.189844533049725,0.733816278583459,22.7475912016969,2.2246361695832,26.8775594755659,0.619533776150876,0.621059093462041,0.527518540529109,8.88938575723218,5.01219879813381,5.19607800132241,4.5782797620822,0.66897175856968,0.5,0.270248830318451,1.375,NA,0.982570839854923,0.739004473921546,20.276
"counter_1970_FPG.FSR.TDE.TIE",1970,"FPG","FSR","TDE","TIE","United States",1970,1,1,1.5292795645603,0.45598255062876,1.59727372629601,0.476256248136138,0.560957405255052,3.00821080726832,1,1,0.653902676249728,0.142415238128972,1,0.170099987957235,1,15.4236029171944,7.41639708280562,22.84,0.346097323750272,0.67528909444809,0.25721,9.66447791345474,1.66555877459957,4.52187627888963,1,0.66897175856968,0.5,0.32471090555191,1.23365228439284,NA,1.53326307965775,0.137863456734155,22.84
"counter_1970_FPG.FSR.TDE.TIE",1970,"FPG","FSR","TDE","TIE","United States",1980,2,1,1.61685139523777,0.482093686643986,1.59727372629601,0.476256248136138,0.560957405255052,3.00821080726832,1,1,0.879351379339163,0.142415238128972,1.463,0.179988294296891,0.971825361988234,17.0901956296178,6.03680192938009,25.1916928474596,0.398939590335501,0.659292158521134,0.292085522634313,10.1055488342917,1.74195745819998,4.98688634523983,1.42178050458879,0.66897175856968,0.5,0.32471090555191,1.23365228439284,NA,1.53326307965775,0.137863456734155,22.84
"counter_1970_FPG.FSR.TDE.TIE",1970,"FPG","FSR","TDE","TIE","United States",1990,3,1,1.94331735642994,0.579435457977125,1.59727372629601,0.476256248136138,0.560957405255052,3.00821080726832,1,1,0.96799115602976,0.142415238128972,1.656,0.183295998269537,1.13593841448268,17.6898892359067,5.65147340035148,30.7256905463256,0.415464277759807,0.654000752260164,0.30291174009644,10.2661697638741,1.75771622744714,6.08396139606157,1.88111401438331,0.66897175856968,0.5,0.32471090555191,1.23365228439284,NA,1.53326307965775,0.137863456734155,22.84
"counter_1970_FPG.FSR.TDE.TIE",1970,"FPG","FSR","TDE","TIE","United States",2000,4,1,2.05886837465388,0.61388909826536,1.59727372629601,0.476256248136138,0.560957405255052,3.00821080726832,1,1,1.1484727320614,0.142415238128972,2.063,0.189267156777368,1.14617265496537,18.8303530609482,5.03421959375283,33.4865207814624,0.443299693620261,0.644523087443297,0.321497388395287,10.5733426051583,1.81724100054672,6.62910611252281,2.36455418719356,0.66897175856968,0.5,0.32471090555191,1.23365228439284,NA,1.53326307965775,0.137863456734155,22.84
"counter_1970_FPG.FSR.TDE.TIE",1970,"FPG","FSR","TDE","TIE","United States",2010,1,2,2.44267806863357,0.728328947768756,1.59727372629601,0.476256248136138,0.560957405255052,3.00821080726832,1,1,1.85119616741766,0.142415238128972,3.819,0.20671075090897,1.18404720578414,22.6387431041878,3.67392569934795,43.418377985263,0.51526677993777,0.617373143788945,0.369641702824271,11.6055692273157,1.98003328897376,8.59643559217697,4.52187627888963,0.66897175856968,0.5,0.32471090555191,1.23365228439284,NA,1.53326307965775,0.137863456734155,22.84
"counter_1970_FPG.FSR.TDE.TIE",1970,"FPG","FSR","TDE","TIE","United States",2020,2,2,2.58255425293834,0.770035579289622,1.59727372629601,0.476256248136138,0.560957405255052,3.00821080726832,1,1,1.93098996451514,0.142415238128972,4.033,0.208305008591462,1.2365202938854,23.0260705538346,3.57523025683868,46.3014704771706,0.521202587524141,0.614930870117657,0.373639705658568,11.7105780990136,1.99631295043951,9.16743679047712,4.98688634523983,0.66897175856968,0.5,0.32471090555191,1.23365228439284,NA,1.53326307965775,0.137863456734155,22.84
"counter_1970_FPG.FSR.TDE.TIE",1970,"FPG","FSR","TDE","TIE","United States",2030,3,2,3.10400975528056,0.925517033111159,1.59727372629601,0.476256248136138,0.560957405255052,3.00821080726832,1,1,1.96003294954583,0.142415238128972,4.111,0.208867042574631,1.4799224996501,23.1643159501262,3.54127838108086,55.8263933267989,0.52322234260622,0.614071415341443,0.375034596755009,11.7480463750703,2.0064206782376,11.0523607946096,6.08396139606157,0.66897175856968,0.5,0.32471090555191,1.23365228439284,NA,1.53326307965775,0.137863456734155,22.84
"counter_1970_FPG.FSR.TDE.TIE",1970,"FPG","FSR","TDE","TIE","United States",2040,4,2,3.28857636073641,0.980548927518806,1.59727372629601,0.476256248136138,0.560957405255052,3.00821080726832,1,1,2.01579814039603,0.142415238128972,4.263,0.209935003886216,1.5550331016943,23.429478600734,3.47793747037151,59.4892313233915,0.527140947596521,0.612440503416855,0.377664550446232,11.8198931389971,2.01588893216766,11.7781029092073,6.62910611252281,0.66897175856968,0.5,0.32471090555191,1.23365228439284,NA,1.53326307965775,0.137863456734155,22.84
"counter_1970_FPG.FSR.TDE.TIE",1970,"FPG","FSR","TDE","TIE","United States",2050,1,3,3.90162550082789,1.16334069237185,1.59727372629601,0.476256248136138,0.560957405255052,3.00821080726832,1,1,2.20329593149135,0.142415238128972,4.782,0.213337678974416,1.79766532667858,24.2963937916551,3.28591734137147,71.9239614689043,0.539252210060363,0.607263334646415,0.385868357063745,12.0545753514301,2.05514550080494,14.2397516924631,8.59643559217697,0.66897175856968,0.5,0.32471090555191,1.23365228439284,NA,1.53326307965775,0.137863456734155,22.84
"counter_1970_FPG.FSR.TDE.TIE",1970,"FPG","FSR","TDE","TIE","United States",2060,2,3,4.12504605495243,1.22995759911244,1.59727372629601,0.476256248136138,0.560957405255052,3.00821080726832,1,1,2.22238410634735,0.142415238128972,4.836,0.213672155578621,1.89566517586376,24.383460361867,3.26781212129864,76.1803377402058,0.54044993665274,0.606755995657006,0.386660671564794,12.0781248206599,2.05633106544514,15.0832952763077,9.16743679047712,0.66897175856968,0.5,0.32471090555191,1.23365228439284,NA,1.53326307965775,0.137863456734155,22.84
"counter_1970_FPG.FSR.TDE.TIE",1970,"FPG","FSR","TDE","TIE","United States",2070,3,3,4.95795322827614,1.47830404022789,1.59727372629601,0.476256248136138,0.560957405255052,3.00821080726832,1,1,2.22921844675257,0.142415238128972,4.855,0.213789033493414,2.27649037994019,24.4139638561614,3.26151688747132,91.6256152328042,0.540840690679182,0.60657877945534,0.386936949661759,12.0863743501565,2.05923287442877,18.140780160117,11.0523607946096,0.66897175856968,0.5,0.32471090555191,1.23365228439284,NA,1.53326307965775,0.137863456734155,22.84
"counter_1970_FPG.FSR.TDE.TIE",1970,"FPG","FSR","TDE","TIE","United States",2080,4,3,5.25275661792242,1.56620503927352,1.59727372629601,0.476256248136138,0.560957405255052,3.00821080726832,1,1,2.24227082386044,0.142415238128972,4.892,0.214015447578756,2.40762528806364,24.4731720235328,3.24936779282324,97.1936160967251,0.54164537533515,0.606235576052145,0.387471292818359,12.1023854979077,2.06030491260596,19.2438066168875,11.7781029092073,0.66897175856968,0.5,0.32471090555191,1.23365228439284,NA,1.53326307965775,0.137863456734155,22.84
"counter_1970_TPG.TSR.TDE.FIE",1970,"TPG","TSR","TDE","FIE","France",1970,1,1,1.48550559563973,0.546489342702738,1.13420764298084,0.417253486705376,0.583439336814264,3.84625995412632,1,1,NA,NA,1.00716566875034,0.156235668491095,0.992885312741814,14.8250136047272,5.45108821387755,20.1706264832088,0.331617924795342,0.729751169681549,0.33749,8.40108250496008,4.88361049892914,3.89949046462388,1,0.66897175856968,0.5,0.270248830318451,1,NA,0.982570839854923,0.739004473921546,20.276
"counter_1970_TPG.TSR.TDE.FIE",1970,"TPG","TSR","TDE","FIE","France",1980,2,1,1.61880130424307,0.516253298645703,1.39082300545825,0.443548545777756,0.612781620210724,3.84625995412632,1,1,NA,NA,1.62284606535022,0.156235668491095,1.08197777507399,16.8649199430192,3.84853978242781,25.0050555790295,0.331617924795342,0.729751169681549,0.33749,9.55706265494911,6.40867596028175,5.00653864812763,1.75588337507522,0.66897175856968,0.5,0.270248830318451,1,NA,0.982570839854923,0.739004473921546,20.276
"counter_1970_TPG.TSR.TDE.FIE",1970,"TPG","TSR","TDE","FIE","France",1990,3,1,1.76238219028369,0.628505945581033,1.36164150128402,0.485592616644142,0.666510958052407,3.84625995412632,1,1,1.42757947459685,0.273337106850598,2.967,0.162808887692387,0.847974601025963,18.7704750993833,3.15181427592927,23.8466637639309,0.518847497608073,0.667468048823764,0.461577896677401,8.58798236395119,5.01853112941358,5.06447103897933,2.51594064124403,0.66897175856968,0.5,0.270248830318451,1.375,NA,0.982570839854923,0.739004473921546,20.276
"counter_1970_TPG.TSR.TDE.FIE",1970,"TPG","TSR","TDE","FIE","France",2000,4,1,1.81959142137297,0.693625743497129,1.37651312106404,0.52472490572151,0.683436019881079,3.84625995412632,1,1,1.77778716183384,0.273337106850598,4.086,0.174102387990573,0.791690227288265,20.327076227541,2.70447712119239,24.8413153229611,0.564907694118002,0.647821880180921,0.491613639523504,8.68274606248795,4.7393344634705,5.36714990362216,3.23484626869985,0.66897175856968,0.5,0.270248830318451,1.375,NA,0.982570839854923,0.739004473921546,20.276
"counter_1970_TPG.TSR.TDE.FIE",1970,"TPG","TSR","TDE","FIE","France",2010,1,2,1.97324079979518,0.866702399553922,1.32832942910956,0.583439336814264,0.685327857682168,3.84625995412632,1,1,1.97618580815309,0.273337106850598,4.77,0.179753685082193,0.817503242059514,21.1606169254234,2.5156454719252,27.1086084706596,0.585705281309625,0.638132088529594,0.50522677778541,8.74718835975529,4.13814568618491,5.86838994775095,3.89949046462388,0.66897175856968,0.5,0.270248830318451,1.375,NA,0.982570839854923,0.739004473921546,20.276
"counter_1970_TPG.TSR.TDE.FIE",1970,"TPG","TSR","TDE","FIE","France",2020,2,2,1.83717278352147,0.991971686013303,1.13489702454898,0.612781620210724,0.707316362457828,3.84625995412632,1,1,2.72513216668231,0.273337106850598,7.64,0.197696914766924,0.655306105775868,24.0768384589533,2.03207047942864,25.9513386409101,0.643307308025876,0.607972462162669,0.543290878079668,9.02361309188572,3.46221366982453,5.73990362601582,5.00653864812763,0.66897175856968,0.5,0.270248830318451,1.375,NA,0.982570839854923,0.739004473921546,20.276
"counter_1970_TPG.TSR.TDE.FIE",1970,"TPG","TSR","TDE","FIE","France",2030,3,2,1.85812632086635,1.17464704210048,1.05432654228493,0.666510958052407,0.742598301973306,3.84625995412632,1,1,2.72557951636896,0.273337106850598,7.642,0.197707191289313,0.662715393742388,24.0786353376662,2.03183531665821,26.2474534157718,0.643342120339052,0.607955447936611,0.54331069866435,9.02380215708756,2.95694827995713,5.99894624391671,5.06447103897933,0.66897175856968,0.5,0.270248830318451,1.375,NA,0.982570839854923,0.739004473921546,20.276
"counter_1970_TPG.TSR.TDE.FIE",1970,"TPG","TSR","TDE","FIE","France",2040,4,2,1.81585672907761,1.24357431883289,0.997947510495219,0.683436019881079,0.773731138264388,3.84625995412632,1,1,2.95571220883075,0.273337106850598,8.609,0.20241974679548,0.62343476636336,24.9190705032251,1.92821410893129,25.8844290660837,0.656671830778168,0.600183796115721,0.552187853231435,9.11418688088417,2.7542468971925,6.07948117939239,5.36714990362216,0.66897175856968,0.5,0.270248830318451,1.375,NA,0.982570839854923,0.739004473921546,20.276
"counter_1970_TPG.TSR.TDE.FIE",1970,"TPG","TSR","TDE","FIE","France",2050,1,3,1.92115195712475,1.35231689001468,0.973602389188466,0.685327857682168,0.800578416558011,3.84625995412632,1,1,3.054620393763,0.273337106850598,9.036,0.204353982332282,0.649445545346498,25.2737218115138,1.88800347664394,27.4934466684704,0.661949934289176,0.597011580350083,0.555712909244851,9.15341364193735,2.69020408016505,6.60331067205078,5.86838994775095,0.66897175856968,0.5,0.270248830318451,1.375,NA,0.982570839854923,0.739004473921546,20.276
"counter_1970_TPG.TSR.TDE.FIE",1970,"TPG","TSR","TDE","FIE","France",2060,2,3,1.84621643783986,1.29946237044693,1.00492259323647,0.707316362457828,0.819853976974278,3.84625995412632,1,1,3.10900905677761,0.273337106850598,9.274,0.205397415813826,0.618924264181133,25.4674442467412,1.86684134887935,26.4779086186172,0.664760722797325,0.595304539268084,0.557586951307861,9.17508988387077,2.69589979382631,6.45842866495309,5.73990362601582,0.66897175856968,0.5,0.270248830318451,1.375,NA,0.982570839854923,0.739004473921546,20.276
"counter_1970_TPG.TSR.TDE.FIE",1970,"TPG","TSR","TDE","FIE","France",2070,3,3,1.87868886093398,1.37984145072725,1.01106627673088,0.742598301973306,0.858609575026038,3.84625995412632,1,1,3.19315580597756,0.273337106850598,9.646,0.206981985389439,0.621910247140443,25.7649038924653,1.83539115885239,27.0338706458284,0.668965809042343,0.592717852254186,0.560396757959501,9.20869903623777,2.59189014326897,6.79216422057033,5.99894624391671,0.66897175856968,0.5,0.270248830318451,1.375,NA,0.982570839854923,0.739004473921546,20.276
"counter_1970_TPG.TSR.TDE.FIE",1970,"TPG","TSR","TDE","FIE","France",2080,4,3,1.83170370187444,1.40498489391427,1.00872699511094,0.773731138264388,0.897365173077799,3.84625995412632,1,1,3.31903089630221,0.273337106850598,10.21,0.209284421247967,0.595443798177511,26.2042676825358,1.79111778816063,26.4922355605468,0.6749235165228,0.588971385283397,0.564403678566944,9.25902296834813,2.4952270845347,6.84343830745031,6.07948117939239,0.66897175856968,0.5,0.270248830318451,1.375,NA,0.982570839854923,0.739004473921546,20.276
"counter_1970_TPG.TSR.TDE.FIE",1970,"TPG","TSR","TDE","FIE","United States",1970,1,1,1.5292795645603,0.45598255062876,1.59727372629601,0.476256248136138,0.560957405255052,3.00821080726832,1,1,0.653902676249728,0.142415238128972,1,0.170099987957235,1,15.4236029171944,7.41639708280562,22.84,0.346097323750272,0.67528909444809,0.25721,9.66447791345474,1.66555877459957,4.52187627888963,1,0.66897175856968,0.5,0.32471090555191,1.23365228439284,NA,1.53326307965775,0.137863456734155,22.84
"counter_1970_TPG.TSR.TDE.FIE",1970,"TPG","TSR","TDE","FIE","United States",1980,2,1,1.782992923458,0.54880284102489,1.76140352737387,0.542157653738335,0.634152212887378,3.00821080726832,1,1,0.797412309316031,0.142415238128972,1.29,0.176672928473118,1.10215542991379,16.5109065539325,6.4585333759099,27.3802021533205,0.381850923010829,0.664625674029544,0.280827437112313,9.95121138796877,1.6653597811446,5.91632579136558,1.42178050458879,0.66897175856968,0.5,0.32471090555191,1.23365228439284,NA,1.53326307965775,0.137863456734155,22.84
"counter_1970_TPG.TSR.TDE.FIE",1970,"TPG","TSR","TDE","FIE","United States",1990,3,1,1.9579478111275,0.607457287161162,1.60929895769471,0.499288271891971,0.668439713869851,3.00821080726832,1,1,0.960757995536182,0.142415238128972,1.64,0.183035293309558,1.14702074047763,17.641813967996,5.68064565189335,30.9214686674616,0.414171953941352,0.654416733517999,0.302072649552129,10.253266323672,1.68880802923477,6.93309703379918,1.88111401438331,0.66897175856968,0.5,0.32471090555191,1.23365228439284,NA,1.53326307965775,0.137863456734155,22.84
"counter_1970_TPG.TSR.TDE.FIE",1970,"TPG","TSR","TDE","FIE","United States",2000,4,1,2.19587923516963,0.645645510635254,1.70356699419654,0.500892929015935,0.644116777375506,3.00821080726832,1,1,1.07681431169911,0.142415238128972,1.899,0.187000649717596,1.24515754986496,18.3884366500193,5.25749999490777,35.3281443521143,0.432957181833011,0.648109351478426,0.314582485927823,10.4541001217704,1.81938194882818,7.71892898083458,2.36455418719356,0.66897175856968,0.5,0.32471090555191,1.23365228439284,NA,1.53326307965775,0.137863456734155,22.84
"counter_1970_TPG.TSR.TDE.FIE",1970,"TPG","TSR","TDE","FIE","United States",2010,1,2,2.53428059597028,0.857860696445322,1.65717286407272,0.560957405255052,0.647220327049491,3.00821080726832,1,1,1.78428398421225,0.142415238128972,3.641,0.205321690537908,1.2419325127409,22.3069906566837,3.76289394628145,44.7191178336105,0.509946722270737,0.6195063386765,0.366107669978137,11.5155955995491,1.73670869803497,9.80275494509371,4.52187627888963,0.66897175856968,0.5,0.32471090555191,1.23365228439284,NA,1.53326307965775,0.137863456734155,22.84
"counter_1970_TPG.TSR.TDE.FIE",1970,"TPG","TSR","TDE","FIE","United States",2020,2,2,2.57490120030118,1.13068890797343,1.4441454962745,0.634152212887378,0.687350319801348,3.00821080726832,1,1,2.29769040873241,0.142415238128972,5.048,0.214953226239013,1.17201382554786,24.720060938964,3.19968556839547,47.9026354414097,0.544831535512597,0.604815432843725,0.389672488299564,12.1691286962737,1.41013335106292,10.9470731567545,5.91632579136558,0.66897175856968,0.5,0.32471090555191,1.23365228439284,NA,1.53326307965775,0.137863456734155,22.84
"counter_1970_TPG.TSR.TDE.FIE",1970,"TPG","TSR","TDE","FIE","United States",2030,3,2,2.53631450671889,1.30877007464217,1.29539433702185,0.668439713869851,0.723180221906701,3.00821080726832,1,1,2.73353206608758,0.142415238128972,6.32,0.221743000823399,1.09700902433531,26.5899360587963,2.86854866098905,49.0573260258102,0.567479103467155,0.594598242016937,0.405054347236009,12.6733907921655,1.24544589959466,11.6057389199074,6.93309703379918,0.66897175856968,0.5,0.32471090555191,1.23365228439284,NA,1.53326307965775,0.137863456734155,22.84
"counter_1970_TPG.TSR.TDE.FIE",1970,"TPG","TSR","TDE","FIE","United States",2040,4,2,2.62225022135419,1.41440265646325,1.19416868621722,0.644116777375506,0.732544941351919,3.00821080726832,1,1,2.94362792611315,0.142415238128972,6.955,0.224675962977122,1.10983881823646,27.4444822314643,2.73965027760496,51.6061176520364,0.576760902068563,0.590219786193856,0.41141127509635,12.9030223421511,1.21370002608518,12.3141716122476,7.71892898083458,0.66897175856968,0.5,0.32471090555191,1.23365228439284,NA,1.53326307965775,0.137863456734155,22.84
"counter_1970_TPG.TSR.TDE.FIE",1970,"TPG","TSR","TDE","FIE","United States",2050,1,3,2.89444015726975,1.64023791615906,1.14211510827655,0.647220327049491,0.747184873752377,3.00821080726832,1,1,3.3867533659222,0.142415238128972,8.34,0.230304410318067,1.1753902811863,29.1688463810742,2.51320608398865,58.9211219175901,0.593914464517722,0.581875861048319,0.423156926219044,13.3646318850078,1.19398047984846,14.2475342113223,9.80275494509371,0.66897175856968,0.5,0.32471090555191,1.23365228439284,NA,1.53326307965775,0.137863456734155,22.84
"counter_1970_TPG.TSR.TDE.FIE",1970,"TPG","TSR","TDE","FIE","United States",2060,2,3,2.89065045083271,1.76985916348389,1.1226257731732,0.687350319801348,0.770998225823901,3.00821080726832,1,1,3.78706223493781,0.142415238128972,9.638,0.234847915448191,1.1358241499019,30.6465233112702,2.3483746831431,60.5168907433098,0.607069699632932,0.575195798394853,0.432227806072668,13.7582177595589,1.13783095257629,14.9402854461331,10.9470731567545,0.66897175856968,0.5,0.32471090555191,1.23365228439284,NA,1.53326307965775,0.137863456734155,22.84
"counter_1970_TPG.TSR.TDE.FIE",1970,"TPG","TSR","TDE","FIE","United States",2070,3,3,2.80357441480813,1.83421248779415,1.10537333102076,0.723180221906701,0.807877912939298,3.00821080726832,1,1,4.13962221177627,0.142415238128972,10.817,0.23851062468087,1.07291660533488,31.8968980785964,2.22590882236902,60.0560282591338,0.617304038848454,0.569846401755605,0.439288629644641,14.0897720024689,1.08894493924551,15.2872874069062,11.6057389199074,0.66897175856968,0.5,0.32471090555191,1.23365228439284,NA,1.53326307965775,0.137863456734155,22.84
"counter_1970_TPG.TSR.TDE.FIE",1970,"TPG","TSR","TDE","FIE","United States",2080,4,3,2.83511585119552,1.92091613461196,1.08117670392698,0.732544941351919,0.844757600054696,3.00821080726832,1,1,4.34344565039728,0.142415238128972,11.513,0.240503524055304,1.06958843153371,32.6004176782914,2.16286616468587,61.502934738133,0.622735546738706,0.566949036827798,0.443040117569272,14.2757102688764,1.06413262169911,16.1127214824135,12.3141716122476,0.66897175856968,0.5,0.32471090555191,1.23365228439284,NA,1.53326307965775,0.137863456734155,22.84
"counter_1970_TPG.TSR.FDE.TIE",1970,"TPG","TSR","FDE","TIE","France",1970,1,1,1.48550559563973,0.546489342702738,1.13420764298084,0.417253486705376,0.583439336814264,3.84625995412632,1,1,NA,NA,1.00716566875034,0.156235668491095,0.992885312741814,14.8250136047272,5.45108821387755,20.1706264832088,0.331617924795342,0.729751169681549,0.33749,8.40108250496008,4.88361049892914,3.89949046462388,1,0.66897175856968,0.5,0.270248830318451,1,NA,0.982570839854923,0.739004473921546,20.276
"counter_1970_TPG.TSR.FDE.TIE",1970,"TPG","TSR","FDE","TIE","France",1980,2,1,1.32012254940728,0.485648055739549,1.13420764298084,0.417253486705376,0.583439336814264,4.49951282919422,1,1,NA,NA,2.36620349021704,0.156235668491095,0.742067781716508,18.6742953080474,2.92267924050841,18.9894767834479,0.437879625607724,0.729751169681549,0.406863304782705,9.47429114955936,4.63187710550857,3.84494994714866,1.75588337507522,0.66897175856968,0.5,0.270248830318451,1,NA,0.982570839854923,0.739004473921546,20.276
"counter_1970_TPG.TSR.FDE.TIE",1970,"TPG","TSR","FDE","TIE","France",1990,3,1,1.46801294480825,0.540054128131293,1.13420764298084,0.417253486705376,0.583439336814264,4.12627515927989,1,1,1.71384091001505,0.211248468284745,4.327,0.176180522053703,0.581451500171951,20.6291781301471,2.63262845313932,18.6184034896371,0.603919364452266,0.644247858188525,0.520748198366314,8.28955947053679,4.34455757649095,3.67697589825815,2.51594064124403,0.66897175856968,0.5,0.270248830318451,1.375,NA,0.982570839854923,0.739004473921546,20.276
"counter_1970_TPG.TSR.FDE.TIE",1970,"TPG","TSR","FDE","TIE","France",2000,4,1,1.49929155461176,0.551560935619836,1.13420764298084,0.417253486705376,0.583439336814264,3.89048538894652,1,1,2.15758319904464,0.262115693178332,5.523,0.185217818408268,0.585704557070406,22.0037006120225,2.35137059348835,20.4939901115508,0.60934579050432,0.628851075399452,0.521388916038024,8.7506316453201,4.87865587343157,3.97592256223128,3.23484626869985,0.66897175856968,0.5,0.270248830318451,1.375,NA,0.982570839854923,0.739004473921546,20.276
"counter_1970_TPG.TSR.FDE.TIE",1970,"TPG","TSR","FDE","TIE","France",2010,1,2,1.68487180026539,0.619832389301024,1.13420764298084,0.417253486705376,0.583439336814264,3.37942040883403,1,1,2.31441375184134,0.43929079107663,4.892,0.180687389529639,0.797115794076836,21.3020408216695,2.48636879196608,26.6757645808324,0.526898251872172,0.636540074927158,0.462464522310583,9.55777515555891,6.21397411700364,4.94439121096167,3.89949046462388,0.66897175856968,0.5,0.270248830318451,1.375,NA,0.982570839854923,0.739004473921546,20.276
"counter_1970_TPG.TSR.FDE.TIE",1970,"TPG","TSR","FDE","TIE","France",2020,2,2,1.49729308520909,0.550825736618579,1.13420764298084,0.417253486705376,0.583439336814264,2.77677760931085,1,1,2.56793408393503,0.902657274403288,4.144,0.174611947589033,0.927835411956723,20.4006843441801,2.68658890096225,29.2582772154463,0.380324786695216,0.64694435777266,0.372774267360117,10.7457219368086,8.69149482928092,5.0508545517466,3.84494994714866,0.66897175856968,0.5,0.270248830318451,1.375,NA,0.982570839854923,0.739004473921546,20.276
"counter_1970_TPG.TSR.FDE.TIE",1970,"TPG","TSR","FDE","TIE","France",2030,3,2,1.66503150199632,0.612533519749867,1.13420764298084,0.417253486705376,0.583439336814264,2.40968991653152,1,1,2.2083521506047,1.51815457912339,2.625,0.158627219857401,1.40075272314596,18.2286704267103,3.34597507467551,37.8369294452991,0.158722990245829,0.674839637197809,0.258705195290436,11.5306827454098,11.0055943857923,6.16923067149403,3.67697589825815,0.66897175856968,0.5,0.270248830318451,1.375,NA,0.982570839854923,0.739004473921546,20.276
"counter_1970_TPG.TSR.FDE.TIE",1970,"TPG","TSR","FDE","TIE","France",2040,4,2,1.70050794029728,0.62558462874968,1.13420764298084,0.417253486705376,0.583439336814264,2.25530096863527,1,1,2.33807938676029,1.93533904348887,2.553,0.15768847111278,1.55735313835929,18.1094796481529,3.39201714359922,41.6892524568161,0.0841835539520981,0.676501815265665,0.226096376845441,11.9704263421243,12.3279322530268,6.60843288550474,3.97592256223128,0.66897175856968,0.5,0.270248830318451,1.375,NA,0.982570839854923,0.739004473921546,20.276
"counter_1970_TPG.TSR.FDE.TIE",1970,"TPG","TSR","FDE","TIE","France",2050,1,3,1.91099447330389,0.703018633312297,1.13420764298084,0.417253486705376,0.583439336814264,2.22017595712673,1,1,2.58733935656726,2.04999656090594,2.884,0.161833171621114,1.71442136302416,18.6424468782365,3.19558175566544,47.7612155337133,0.102864300774183,0.669183328563555,0.236503029480612,12.1067333991719,12.6821872185517,7.51859092514466,4.94439121096167,0.66897175856968,0.5,0.270248830318451,1.375,NA,0.982570839854923,0.739004473921546,20.276
"counter_1970_TPG.TSR.FDE.TIE",1970,"TPG","TSR","FDE","TIE","France",2060,2,3,1.69824126102652,0.624750760423344,1.13420764298084,0.417253486705376,0.583439336814264,2.23900358479586,1,1,2.97416784508791,1.98749489760434,3.591,0.16948146141074,1.40653148196786,19.6731410493152,2.87521090503621,42.1931643219898,0.171771694489583,0.655814577543665,0.269631777910487,12.1286010598423,12.5467416334776,6.66684115578121,5.0508545517466,0.66897175856968,0.5,0.270248830318451,1.375,NA,0.982570839854923,0.739004473921546,20.276
"counter_1970_TPG.TSR.FDE.TIE",1970,"TPG","TSR","FDE","TIE","France",2070,3,3,1.8884914553681,0.694740199682255,1.13420764298084,0.417253486705376,0.583439336814264,2.18158881896264,1,1,3.26675064054846,2.18611473593502,3.945,0.172837264154938,1.56381005614551,20.1456228996909,2.74967262934437,48.4672923993708,0.171926326857171,0.650003871028308,0.271239262968396,12.3510362555272,13.1503559738792,7.57108389965301,6.16923067149403,0.66897175856968,0.5,0.270248830318451,1.375,NA,0.982570839854923,0.739004473921546,20.276
"counter_1970_TPG.TSR.FDE.TIE",1970,"TPG","TSR","FDE","TIE","France",2080,4,3,1.92872910283478,0.709542867259218,1.13420764298084,0.417253486705376,0.583439336814264,2.12336349878076,1,1,3.42631470422253,2.41407620018211,4.041,0.173702747451046,1.63534592563839,20.2695572516978,2.71863238074816,51.1136374945923,0.152112174159236,0.64851064198992,0.263395831364469,12.549900716865,13.7851985376435,7.88823208245127,6.60843288550474,0.66897175856968,0.5,0.270248830318451,1.375,NA,0.982570839854923,0.739004473921546,20.276
"counter_1970_TPG.TSR.FDE.TIE",1970,"TPG","TSR","FDE","TIE","United States",1970,1,1,1.5292795645603,0.45598255062876,1.59727372629601,0.476256248136138,0.560957405255052,3.00821080726832,1,1,0.653902676249728,0.142415238128972,1,0.170099987957235,1,15.4236029171944,7.41639708280562,22.84,0.346097323750272,0.67528909444809,0.25721,9.66447791345474,1.66555877459957,4.52187627888963,1,0.66897175856968,0.5,0.32471090555191,1.23365228439284,NA,1.53326307965775,0.137863456734155,22.84
"counter_1970_TPG.TSR.FDE.TIE",1970,"TPG","TSR","FDE","TIE","United States",1980,2,1,1.61685139523777,0.482093686643986,1.59727372629601,0.476256248136138,0.560957405255052,3.01784337176523,1,1,0.879351379339163,0.140031501588137,1.47,0.18011491451266,0.967197622169242,17.1127467950228,6.02142434065493,25.1125517463299,0.401801782762474,0.659089055390369,0.294147180152273,10.0881368502764,1.72785941337661,4.97618535228902,1.42178050458879,0.66897175856968,0.5,0.32471090555191,1.23365228439284,NA,1.53326307965775,0.137863456734155,22.84
"counter_1970_TPG.TSR.FDE.TIE",1970,"TPG","TSR","FDE","TIE","United States",1990,3,1,1.94331735642994,0.579435457977125,1.59727372629601,0.476256248136138,0.560957405255052,3.04219763970614,1,1,0.96799115602976,0.13421318118154,1.683,0.18373086166054,1.11771480355515,17.7703928847092,5.60325150853259,30.4025861310456,0.424841856191468,0.65330729124876,0.309962548870591,10.2041396279524,1.72426341700972,6.03861927821623,1.88111401438331,0.66897175856968,0.5,0.32471090555191,1.23365228439284,NA,1.53326307965775,0.137863456734155,22.84
"counter_1970_TPG.TSR.FDE.TIE",1970,"TPG","TSR","FDE","TIE","United States",2000,4,1,2.05886837465388,0.61388909826536,1.59727372629601,0.476256248136138,0.560957405255052,3.17399097505032,1,1,1.1484727320614,0.107287530571471,2.228,0.191389532817238,1.06129003015869,19.2545137044857,4.83636680543575,31.8704748107215,0.484527499074775,0.641177251091662,0.353667580396412,10.2770643734958,1.66052280662853,6.40139335932015,2.36455418719356,0.66897175856968,0.5,0.32471090555191,1.23365228439284,NA,1.53326307965775,0.137863456734155,22.84
"counter_1970_TPG.TSR.FDE.TIE",1970,"TPG","TSR","FDE","TIE","United States",2010,1,2,2.44267806863357,0.728328947768756,1.59727372629601,0.476256248136138,0.560957405255052,2.76095285202702,1,1,1.85119616741766,0.22398945642273,3.374,0.203118084184493,1.34021229368394,21.7913959318235,3.9100036740285,46.8856495883249,0.451334864428674,0.622900545919631,0.319839632525555,12.0971568217294,2.27807444696478,9.05942423570222,4.52187627888963,0.66897175856968,0.5,0.32471090555191,1.23365228439284,NA,1.53326307965775,0.137863456734155,22.84
"counter_1970_TPG.TSR.FDE.TIE",1970,"TPG","TSR","FDE","TIE","United States",2020,2,2,2.58255425293834,0.770035579289622,1.59727372629601,0.476256248136138,0.560957405255052,2.16820059796177,1,1,1.92684639504757,0.802416078411499,2.486,0.194440172402446,2.00168356890146,19.8822607558855,4.56961093555595,62.5372256708434,0.224920999578611,0.636388874638312,0.168137449184087,13.6167368564428,3.38333243458241,11.1919291136212,4.97618535228902,0.66897175856968,0.5,0.32471090555191,1.23365228439284,NA,1.53326307965775,0.137863456734155,22.84
"counter_1970_TPG.TSR.FDE.TIE",1970,"TPG","TSR","FDE","TIE","United States",2030,3,2,3.10400975528056,0.925517033111159,1.59727372629601,0.476256248136138,0.560957405255052,1.87540329832733,1,1,1.94542535439629,1.72606169608173,2.015,0.188621059366734,2.99683338869292,18.7032292687927,5.09657031872027,86.8267097285055,0.0345283601010952,0.645544005114996,0.063732185952859,14.5010552181414,4.29974323297726,14.7436752305851,6.03861927821623,0.66897175856968,0.5,0.32471090555191,1.23365228439284,NA,1.53326307965775,0.137863456734155,22.84
"counter_1970_TPG.TSR.FDE.TIE",1970,"TPG","TSR","FDE","TIE","United States",2040,4,2,3.28857636073641,0.980548927518806,1.59727372629601,0.476256248136138,0.560957405255052,1.80171368933334,1,1,1.94655457472384,2.13291193518227,1.94655457472384,0,3.28857636073641,18.5188252184488,5.18968187088352,94.1217659072581,0,0.64704024892614,0.0361932728374776,17.848568324688,3.47415071071123,16.0163187161036,6.40139335932015,0.66897175856968,0.5,0.32471090555191,1.23365228439284,NA,1.53326307965775,0.137863456734155,22.84
"counter_1970_TPG.TSR.FDE.TIE",1970,"TPG","TSR","FDE","TIE","United States",2050,1,3,3.90162550082789,1.16334069237185,1.59727372629601,0.476256248136138,0.560957405255052,1.7261860282544,1,1,2.32196150906331,2.67404549429573,2.32196150906331,0,3.90162550082789,19.4878383788066,4.73378249387861,118.919591026351,1.11022302462516e-16,0.639375283067666,0.0318024196200781,18.8680779651955,3.25092276034579,20.0874416854478,9.05942423570222,0.66897175856968,0.5,0.32471090555191,1.23365228439284,NA,1.53326307965775,0.137863456734155,22.84
"counter_1970_TPG.TSR.FDE.TIE",1970,"TPG","TSR","FDE","TIE","United States",2060,2,3,4.12504605495243,1.22995759911244,1.59727372629601,0.476256248136138,0.560957405255052,1.61463822150499,1,1,2.71316464459456,3.80496048153655,2.71316464459456,0,4.12504605495243,20.4041135756365,4.36866347976968,133.061680196829,0,0.632548064066808,0.0112833044642533,20.1738877498394,1.22067252665404,22.7075242920277,11.1919291136212,0.66897175856968,0.5,0.32471090555191,1.23365228439284,NA,1.53326307965775,0.137863456734155,22.84
"counter_1970_TPG.TSR.FDE.TIE",1970,"TPG","TSR","FDE","TIE","United States",2070,3,3,4.95795322827614,1.47830404022789,1.59727372629601,0.476256248136138,0.560957405255052,1.53565149865467,1,1,2.97374229883798,4.95860038367962,2.97374229883798,0,4.95795322827614,20.9722874534413,4.16862377664496,165.440455405473,0,0.628501777447869,-0.00684041954826742,21.1157466985097,-0.765527316732088,28.5667118967976,14.7436752305851,0.66897175856968,0.5,0.32471090555191,1.23365228439284,NA,1.53326307965775,0.137863456734155,22.84
"counter_1970_TPG.TSR.FDE.TIE",1970,"TPG","TSR","FDE","TIE","United States",2080,4,3,5.25275661792242,1.56620503927352,1.59727372629601,0.476256248136138,0.560957405255052,1.50658307740546,1,1,3.04912636946776,5.48503974740921,3.04912636946776,0,5.25275661792242,21.1312248085711,4.1158414649157,176.917809645073,0,0.627394049139019,-0.0148817022584566,21.4456934045288,-1.68103032574683,30.7382230150803,16.0163187161036,0.66897175856968,0.5,0.32471090555191,1.23365228439284,NA,1.53326307965775,0.137863456734155,22.84
"counter_1970_TPG.TSR.FDE.FIE",1970,"TPG","TSR","FDE","FIE","France",1970,1,1,1.48550559563973,0.546489342702738,1.13420764298084,0.417253486705376,0.583439336814264,3.84625995412632,1,1,NA,NA,1.00716566875034,0.156235668491095,0.992885312741814,14.8250136047272,5.45108821387755,20.1706264832088,0.331617924795342,0.729751169681549,0.33749,8.40108250496008,4.88361049892914,3.89949046462388,1,0.66897175856968,0.5,0.270248830318451,1,NA,0.982570839854923,0.739004473921546,20.276
"counter_1970_TPG.TSR.FDE.FIE",1970,"TPG","TSR","FDE","FIE","France",1980,2,1,1.32012254940728,0.485648055739549,1.13420764298084,0.417253486705376,0.583439336814264,3.84625995412632,1,1,NA,NA,1.99001625141105,0.156235668491095,0.882346249097304,17.8206169458361,3.31631011251397,21.5470083119155,0.331617924795342,0.729751169681549,0.33749,10.0986398557854,5.87041296112729,4.16557976141351,1.75588337507522,0.66897175856968,0.5,0.270248830318451,1,NA,0.982570839854923,0.739004473921546,20.276
"counter_1970_TPG.TSR.FDE.FIE",1970,"TPG","TSR","FDE","FIE","France",1990,3,1,1.46801294480825,0.540054128131293,1.13420764298084,0.417253486705376,0.583439336814264,3.84625995412632,1,1,1.71384091001505,0.273337106850598,3.873,0.172176227017317,0.649610286920742,20.0515433947279,2.77374110643956,20.0042568358334,0.557490082619404,0.651145851842902,0.486769604087811,8.66333265140652,4.90204513598535,3.86717499371093,2.51594064124403,0.66897175856968,0.5,0.270248830318451,1.375,NA,0.982570839854923,0.739004473921546,20.276
"counter_1970_TPG.TSR.FDE.FIE",1970,"TPG","TSR","FDE","FIE","France",2000,4,1,1.49929155461176,0.551560935619836,1.13420764298084,0.417253486705376,0.583439336814264,3.84625995412632,1,1,2.15758319904464,0.273337106850598,5.424,0.184537655278283,0.596394961043483,21.8966987873619,2.37092049249195,20.7286441287911,0.602215486901799,0.630001689407707,0.516098999782821,8.81031585946494,4.97357254075457,4.00721378360788,3.23484626869985,0.66897175856968,0.5,0.270248830318451,1.375,NA,0.982570839854923,0.739004473921546,20.276
"counter_1970_TPG.TSR.FDE.FIE",1970,"TPG","TSR","FDE","FIE","France",2010,1,2,1.68487180026539,0.619832389301024,1.13420764298084,0.417253486705376,0.583439336814264,3.84625995412632,1,1,2.31441375184134,0.273337106850598,6.012,0.18842993713582,0.648617841753806,22.5171474747529,2.26226326320882,23.4266976208781,0.615034306080949,0.623435015634054,0.524537437075447,8.86738607130016,5.0002485585767,4.52906833244927,3.89949046462388,0.66897175856968,0.5,0.270248830318451,1.375,NA,0.982570839854923,0.739004473921546,20.276
"counter_1970_TPG.TSR.FDE.FIE",1970,"TPG","TSR","FDE","FIE","France",2020,2,2,1.49729308520909,0.550825736618579,1.13420764298084,0.417253486705376,0.583439336814264,3.84625995412632,1,1,2.78207373196531,0.273337106850598,7.876,0.198893587717843,0.528895348071801,24.2871162068318,2.0049626082688,21.1971744432679,0.64676565109633,0.605993162638343,0.545585163513457,9.04586424163075,5.09211759026703,4.09789122693294,4.16557976141351,0.66897175856968,0.5,0.270248830318451,1.375,NA,0.982570839854923,0.739004473921546,20.276
"counter_1970_TPG.TSR.FDE.FIE",1970,"TPG","TSR","FDE","FIE","France",2030,3,2,1.66503150199632,0.612533519749867,1.13420764298084,0.417253486705376,0.583439336814264,3.84625995412632,1,1,2.32258368029332,0.273337106850598,6.043,0.18862582854357,0.639942908110364,22.5488995368253,2.25699537918051,23.1582044355724,0.615657176850353,0.623105663672226,0.524952923626401,8.87039265841497,5.00222222648634,4.47709502367748,3.86717499371093,0.66897175856968,0.5,0.270248830318451,1.375,NA,0.982570839854923,0.739004473921546,20.276
"counter_1970_TPG.TSR.FDE.FIE",1970,"TPG","TSR","FDE","FIE","France",2040,4,2,1.70050794029728,0.62558462874968,1.13420764298084,0.417253486705376,0.583439336814264,3.84625995412632,1,1,2.35648048953381,0.273337106850598,6.173,0.18943791668173,0.649151754998846,22.681077134141,2.2353540301241,23.6810025076486,0.618260085933288,0.621741458037362,0.526666201256701,8.88299362338137,5.00778503622516,4.5782797620822,4.00721378360788,0.66897175856968,0.5,0.270248830318451,1.375,NA,0.982570839854923,0.739004473921546,20.276
"counter_1970_TPG.TSR.FDE.FIE",1970,"TPG","TSR","FDE","FIE","France",2050,1,3,1.91099447330389,0.703018633312297,1.13420764298084,0.417253486705376,0.583439336814264,3.84625995412632,1,1,2.37000598155526,0.273337106850598,6.225,0.189758594703806,0.727561177903497,22.7335149201646,2.22689488119072,26.6257819792959,0.619276147541323,0.621203272304382,0.527338703099498,8.88803018013401,5.01041412754846,5.14758327275459,4.52906833244927,0.66897175856968,0.5,0.270248830318451,1.375,NA,0.982570839854923,0.739004473921546,20.276
"counter_1970_TPG.TSR.FDE.FIE",1970,"TPG","TSR","FDE","FIE","France",2060,2,3,1.69824126102652,0.624750760423344,1.13420764298084,0.417253486705376,0.583439336814264,3.84625995412632,1,1,2.41302064728773,0.273337106850598,6.391,0.190766937268004,0.64119718775355,22.8993048138914,2.200610041186,23.7008304298551,0.62243457247884,0.619512885492943,0.529438591353516,8.90409073897707,5.01979050180831,4.58191617899737,4.09789122693294,0.66897175856968,0.5,0.270248830318451,1.375,NA,0.982570839854923,0.739004473921546,20.276
"counter_1970_TPG.TSR.FDE.FIE",1970,"TPG","TSR","FDE","FIE","France",2070,3,3,1.8884914553681,0.694740199682255,1.13420764298084,0.417253486705376,0.583439336814264,3.84625995412632,1,1,2.37072559208631,0.273337106850598,6.227,0.189770881894262,0.718981054067364,22.735526892605,2.22657172467493,26.3149862784251,0.619282866213857,0.621182656797506,0.527364425660493,8.88822384519721,5.01297807515807,5.08709850604216,4.47709502367748,0.66897175856968,0.5,0.270248830318451,1.375,NA,0.982570839854923,0.739004473921546,20.276
"counter_1970_TPG.TSR.FDE.FIE",1970,"TPG","TSR","FDE","FIE","France",2080,4,3,1.92872910283478,0.709542867259218,1.13420764298084,0.417253486705376,0.583439336814264,3.84625995412632,1,1,2.37372877059469,0.273337106850598,6.239,0.189844533049725,0.733816278583459,22.7475912016969,2.2246361695832,26.8775594755659,0.619533776150876,0.621059093462041,0.527518540529109,8.88938575723218,5.01219879813381,5.19607800132241,4.5782797620822,0.66897175856968,0.5,0.270248830318451,1.375,NA,0.982570839854923,0.739004473921546,20.276
"counter_1970_TPG.TSR.FDE.FIE",1970,"TPG","TSR","FDE","FIE","United States",1970,1,1,1.5292795645603,0.45598255062876,1.59727372629601,0.476256248136138,0.560957405255052,3.00821080726832,1,1,0.653902676249728,0.142415238128972,1,0.170099987957235,1,15.4236029171944,7.41639708280562,22.84,0.346097323750272,0.67528909444809,0.25721,9.66447791345474,1.66555877459957,4.52187627888963,1,0.66897175856968,0.5,0.32471090555191,1.23365228439284,NA,1.53326307965775,0.137863456734155,22.84
"counter_1970_TPG.TSR.FDE.FIE",1970,"TPG","TSR","FDE","FIE","United States",1980,2,1,1.61685139523777,0.482093686643986,1.59727372629601,0.476256248136138,0.560957405255052,3.00821080726832,1,1,0.879351379339163,0.142415238128972,1.463,0.179988294296891,0.971825361988234,17.0901956296178,6.03680192938009,25.1916928474596,0.398939590335501,0.659292158521134,0.292085522634313,10.1055488342917,1.74195745819998,4.98688634523983,1.42178050458879,0.66897175856968,0.5,0.32471090555191,1.23365228439284,NA,1.53326307965775,0.137863456734155,22.84
"counter_1970_TPG.TSR.FDE.FIE",1970,"TPG","TSR","FDE","FIE","United States",1990,3,1,1.94331735642994,0.579435457977125,1.59727372629601,0.476256248136138,0.560957405255052,3.00821080726832,1,1,0.96799115602976,0.142415238128972,1.656,0.183295998269537,1.13593841448268,17.6898892359067,5.65147340035148,30.7256905463256,0.415464277759807,0.654000752260164,0.30291174009644,10.2661697638741,1.75771622744714,6.08396139606157,1.88111401438331,0.66897175856968,0.5,0.32471090555191,1.23365228439284,NA,1.53326307965775,0.137863456734155,22.84
"counter_1970_TPG.TSR.FDE.FIE",1970,"TPG","TSR","FDE","FIE","United States",2000,4,1,2.05886837465388,0.61388909826536,1.59727372629601,0.476256248136138,0.560957405255052,3.00821080726832,1,1,1.1484727320614,0.142415238128972,2.063,0.189267156777368,1.14617265496537,18.8303530609482,5.03421959375283,33.4865207814624,0.443299693620261,0.644523087443297,0.321497388395287,10.5733426051583,1.81724100054672,6.62910611252281,2.36455418719356,0.66897175856968,0.5,0.32471090555191,1.23365228439284,NA,1.53326307965775,0.137863456734155,22.84
"counter_1970_TPG.TSR.FDE.FIE",1970,"TPG","TSR","FDE","FIE","United States",2010,1,2,2.44267806863357,0.728328947768756,1.59727372629601,0.476256248136138,0.560957405255052,3.00821080726832,1,1,1.85119616741766,0.142415238128972,3.819,0.20671075090897,1.18404720578414,22.6387431041878,3.67392569934795,43.418377985263,0.51526677993777,0.617373143788945,0.369641702824271,11.6055692273157,1.98003328897376,8.59643559217697,4.52187627888963,0.66897175856968,0.5,0.32471090555191,1.23365228439284,NA,1.53326307965775,0.137863456734155,22.84
"counter_1970_TPG.TSR.FDE.FIE",1970,"TPG","TSR","FDE","FIE","United States",2020,2,2,2.58255425293834,0.770035579289622,1.59727372629601,0.476256248136138,0.560957405255052,3.00821080726832,1,1,1.93098996451514,0.142415238128972,4.033,0.208305008591462,1.2365202938854,23.0260705538346,3.57523025683868,46.3014704771706,0.521202587524141,0.614930870117657,0.373639705658568,11.7105780990136,1.99631295043951,9.16743679047712,4.98688634523983,0.66897175856968,0.5,0.32471090555191,1.23365228439284,NA,1.53326307965775,0.137863456734155,22.84
"counter_1970_TPG.TSR.FDE.FIE",1970,"TPG","TSR","FDE","FIE","United States",2030,3,2,3.10400975528056,0.925517033111159,1.59727372629601,0.476256248136138,0.560957405255052,3.00821080726832,1,1,1.96003294954583,0.142415238128972,4.111,0.208867042574631,1.4799224996501,23.1643159501262,3.54127838108086,55.8263933267989,0.52322234260622,0.614071415341443,0.375034596755009,11.7480463750703,2.0064206782376,11.0523607946096,6.08396139606157,0.66897175856968,0.5,0.32471090555191,1.23365228439284,NA,1.53326307965775,0.137863456734155,22.84
"counter_1970_TPG.TSR.FDE.FIE",1970,"TPG","TSR","FDE","FIE","United States",2040,4,2,3.28857636073641,0.980548927518806,1.59727372629601,0.476256248136138,0.560957405255052,3.00821080726832,1,1,2.01579814039603,0.142415238128972,4.263,0.209935003886216,1.5550331016943,23.429478600734,3.47793747037151,59.4892313233915,0.527140947596521,0.612440503416855,0.377664550446232,11.8198931389971,2.01588893216766,11.7781029092073,6.62910611252281,0.66897175856968,0.5,0.32471090555191,1.23365228439284,NA,1.53326307965775,0.137863456734155,22.84
"counter_1970_TPG.TSR.FDE.FIE",1970,"TPG","TSR","FDE","FIE","United States",2050,1,3,3.90162550082789,1.16334069237185,1.59727372629601,0.476256248136138,0.560957405255052,3.00821080726832,1,1,2.20329593149135,0.142415238128972,4.782,0.213337678974416,1.79766532667858,24.2963937916551,3.28591734137147,71.9239614689043,0.539252210060363,0.607263334646415,0.385868357063745,12.0545753514301,2.05514550080494,14.2397516924631,8.59643559217697,0.66897175856968,0.5,0.32471090555191,1.23365228439284,NA,1.53326307965775,0.137863456734155,22.84
"counter_1970_TPG.TSR.FDE.FIE",1970,"TPG","TSR","FDE","FIE","United States",2060,2,3,4.12504605495243,1.22995759911244,1.59727372629601,0.476256248136138,0.560957405255052,3.00821080726832,1,1,2.22238410634735,0.142415238128972,4.836,0.213672155578621,1.89566517586376,24.383460361867,3.26781212129864,76.1803377402058,0.54044993665274,0.606755995657006,0.386660671564794,12.0781248206599,2.05633106544514,15.0832952763077,9.16743679047712,0.66897175856968,0.5,0.32471090555191,1.23365228439284,NA,1.53326307965775,0.137863456734155,22.84
"counter_1970_TPG.TSR.FDE.FIE",1970,"TPG","TSR","FDE","FIE","United States",2070,3,3,4.95795322827614,1.47830404022789,1.59727372629601,0.476256248136138,0.560957405255052,3.00821080726832,1,1,2.22921844675257,0.142415238128972,4.855,0.213789033493414,2.27649037994019,24.4139638561614,3.26151688747132,91.6256152328042,0.540840690679182,0.60657877945534,0.386936949661759,12.0863743501565,2.05923287442877,18.140780160117,11.0523607946096,0.66897175856968,0.5,0.32471090555191,1.23365228439284,NA,1.53326307965775,0.137863456734155,22.84
"counter_1970_TPG.TSR.FDE.FIE",1970,"TPG","TSR","FDE","FIE","United States",2080,4,3,5.25275661792242,1.56620503927352,1.59727372629601,0.476256248136138,0.560957405255052,3.00821080726832,1,1,2.24227082386044,0.142415238128972,4.892,0.214015447578756,2.40762528806364,24.4731720235328,3.24936779282324,97.1936160967251,0.54164537533515,0.606235576052145,0.387471292818359,12.1023854979077,2.06030491260596,19.2438066168875,11.7781029092073,0.66897175856968,0.5,0.32471090555191,1.23365228439284,NA,1.53326307965775,0.137863456734155,22.84
