Country,"Year","pop_total"
Australia,1788,0.9
Australia,1789,1
Australia,1791,2.1
Australia,1800,5.2
Australia,1810,11.6
Australia,1818,25
Australia,1820,33.6
Australia,1828,36.6
Australia,1830,70
Australia,1834,127.2
Australia,1840,170.4
Australia,1841,178.9
Australia,1847,340.5
Australia,1850,405.4
Australia,1851,648.9
Australia,1858,833.6
Australia,1860,1145.6
Australia,1861,1161.2
Australia,1868,1499.6
Australia,1870,1647.7
Australia,1871,1633
Australia,1875,1952.1
Australia,1880,2231.5
Australia,1881,2250
Australia,1884,2740.2
Australia,1886,2901.7
Australia,1889,3076.1
Australia,1890,3151.3
Australia,1891,3178
Australia,1896,3539.8
Australia,1900,3765.3
Australia,1901,3773
Australia,1902,3875
Australia,1903,4312
Australia,1904,4455
Australia,1905,3978
Australia,1906,4091
Australia,1907,4162
Australia,1908,4232
Australia,1909,4324
Australia,1910,4525.1
Australia,1911,4568.7
Australia,1912,4733
Australia,1913,4872
Australia,1914,4921.8
Australia,1915,4951.1
Australia,1916,4903
Australia,1917,4895.9
Australia,1918,4980.6
Australia,1919,5140.5
Australia,1920,5411
Australia,1921,5435.7
Australia,1922,5570
Australia,1923,5706
Australia,1924,5811
Australia,1925,5492
Australia,1926,6043.9
Australia,1927,6167.4
Australia,1928,6302
Australia,1929,6412
Australia,1930,6501
Australia,1931,6526
Australia,1932,6577
Australia,1933,6629.8
Australia,1934,6677
Australia,1935,6724.3
Australia,1936,6766
Australia,1937,6867
Australia,1938,6881.9
Australia,1939,6968
Australia,1940,7078
Australia,1941,7110
Australia,1942,7137
Australia,1943,7235
Australia,1944,7310
Australia,1945,7392
Australia,1946,7465
Australia,1947,7525
Australia,1948,7709
Australia,1949,7908
Australia,1950,8307
Australia,1951,8422
Australia,1952,8636
Australia,1953,8815
Australia,1954,8987
Australia,1955,9200
Australia,1956,9426
Australia,1957,9640
Australia,1958,9842
Australia,1959,10056
Australia,1960,10392
Australia,1961,10483
Australia,1962,10742
Australia,1963,10950
Australia,1964,11167
Australia,1965,11388
Australia,1966,11651
Australia,1967,11799
Australia,1968,12009
Australia,1969,12263
Australia,1970,12663
Australia,1971,12937
Australia,1972,13177
Australia,1973,13380
Australia,1974,13599
Australia,1975,13878
Australia,1976,13916
Australia,1977,14074
Australia,1978,14249
Australia,1979,14421.9
Australia,1980,14726
Australia,1981,14900
Australia,1982,15200
Australia,1983,15451.9
Australia,1984,15544
Australia,1985,15789
Australia,1986,15974
Australia,1987,16108
Australia,1988,16530
Australia,1989,17068.2
Australia,1990,17169
Australia,1991,17210.8
Australia,1992,17540
Australia,1993,17707
Australia,1994,17849
Australia,1995,18240
Australia,1996,17892.4
Australia,1997,18532
Australia,1998,18751
Australia,1999,18967
Australia,2000,19169.1
Australia,2001,18970.2
Australia,2005,20190
Australia,2010,20971
Australia,2015,21618
Australia,2020,22113
Australia,2025,22523
Australia,2030,22824
Australia,2050,22846
Austria,1754,6175
Austria,1754,2728
Austria,1780,11723
Austria,1780,2970
Austria,1790,3046
Austria,1800,3064
Austria,1810,3054
Austria,1818,13381
Austria,1821,13964
Austria,1821,3202
Austria,1824,14519
Austria,1827,15131
Austria,1830,15588
Austria,1830,3476.5
Austria,1834,15714
Austria,1837,16083
Austria,1840,16575
Austria,1840,3649.7
Austria,1843,17073
Austria,1846,17613
Austria,1850,3879.7
Austria,1851,17535
Austria,1857,18225
Austria,1857,4075.5
Austria,1869,20218
Austria,1869,4497.9
Austria,1870,4520
Austria,1871,4562
Austria,1872,4604
Austria,1873,4646
Austria,1874,4688
Austria,1875,4730
Austria,1876,4772
Austria,1877,4815
Austria,1878,4857
Austria,1879,4899
Austria,1880,22144
Austria,1880,4963.1
Austria,1881,4985
Austria,1882,5030
Austria,1883,5075
Austria,1884,5121
Austria,1885,5166
Austria,1886,5212
Austria,1887,5257
Austria,1888,5303
Austria,1889,5348
Austria,1890,23708
Austria,1890,5417.4
Austria,1891,5446
Austria,1892,5504
Austria,1893,5563
Austria,1894,5622
Austria,1895,5680
Austria,1896,5739
Austria,1897,5798
Austria,1898,5856
Austria,1899,5915
Austria,1900,25922
Austria,1900,6003.8
Austria,1901,6035
Austria,1902,6099
Austria,1903,6164
Austria,1904,6228
Austria,1905,6292
Austria,1906,6357
Austria,1907,6421
Austria,1908,6485
Austria,1909,6550
Austria,1910,6648.3
Austria,1911,6669
Austria,1912,6724
Austria,1913,6767
Austria,1914,6813
Austria,1915,6754
Austria,1916,6696
Austria,1917,6587
Austria,1918,6478
Austria,1919,6420
Austria,1920,6455
Austria,1921,6504
Austria,1922,6528
Austria,1923,6534.7
Austria,1924,6562
Austria,1925,6582
Austria,1926,6603
Austria,1927,6623
Austria,1928,6643
Austria,1929,6664
Austria,1930,6684
Austria,1931,6705
Austria,1932,6725
Austria,1933,6746
Austria,1934,6760.2
Austria,1935,6761
Austria,1936,6758
Austria,1937,6755
Austria,1938,6753
Austria,1939,6652.7
Austria,1940,6700
Austria,1941,6740
Austria,1942,6780
Austria,1943,6810
Austria,1944,6830
Austria,1945,6800
Austria,1946,7000
Austria,1947,6971
Austria,1948,6953
Austria,1949,6943
Austria,1950,6935
Austria,1951,6933.9
Austria,1952,6928
Austria,1953,6932
Austria,1954,6940
Austria,1955,6947
Austria,1956,6952
Austria,1957,6966
Austria,1958,6987
Austria,1959,7030
Austria,1960,7064.5
Austria,1961,7073.8
Austria,1962,7130
Austria,1963,7176
Austria,1964,7247.8
Austria,1965,7294
Austria,1966,7271
Austria,1967,7377
Austria,1968,7415
Austria,1969,7455.1
Austria,1970,7479
Austria,1971,7491.5
Austria,1972,7544
Austria,1973,7586
Austria,1974,7592.3
Austria,1975,7565.5
Austria,1976,7566
Austria,1977,7568
Austria,1978,7562
Austria,1979,7545.5
Austria,1980,7553.3
Austria,1981,7555.3
Austria,1982,7555.8
Austria,1983,7551
Austria,1984,7555.6
Austria,1985,7560.8
Austria,1986,7569.8
Austria,1987,7586.4
Austria,1988,7602.4
Austria,1989,7660.3
Austria,1990,7791
Austria,1991,7795.8
Austria,1992,7913.8
Austria,1993,7991.5
Austria,1994,8029.7
Austria,1995,8046.5
Austria,1996,8059.4
Austria,1997,8072
Austria,1998,8078
Austria,1999,8092
Austria,2000,8110
Austria,2001,8032.9
Austria,2005,8177.3
Austria,2010,8226.8
Austria,2015,8274.1
Austria,2020,8323
Austria,2025,8364.6
Austria,2030,8385.9
Austria,2050,8214.4
Belgium,1700,3651
Belgium,1730,3762
Belgium,1760,3876
Belgium,1800,4035
Belgium,1805,4075
Belgium,1810,4116
Belgium,1816,3611
Belgium,1820,4146
Belgium,1827,3695
Belgium,1831,4090
Belgium,1835,4154
Belgium,1839,4220
Belgium,1842,4092.6
Belgium,1846,4337.2
Belgium,1849,4359.1
Belgium,1854,4548.5
Belgium,1855,4584.9
Belgium,1856,4529.6
Belgium,1862,4784.5
Belgium,1866,4827.8
Belgium,1869,4961.6
Belgium,1872,5113.7
Belgium,1876,5336.2
Belgium,1879,5476.7
Belgium,1880,5520
Belgium,1888,5974.2
Belgium,1890,6069.3
Belgium,1895,6342
Belgium,1898,6586.6
Belgium,1900,6693.5
Belgium,1901,6693.8
Belgium,1902,6787.2
Belgium,1903,6896.1
Belgium,1904,6985.2
Belgium,1905,7074.9
Belgium,1906,7160.5
Belgium,1907,7238.6
Belgium,1908,7317.6
Belgium,1909,7386.4
Belgium,1910,7423.8
Belgium,1911,7516.7
Belgium,1912,7490.4
Belgium,1913,7571.4
Belgium,1914,7638.8
Belgium,1915,7513.6
Belgium,1916,7536.5
Belgium,1917,7509.6
Belgium,1918,7457.1
Belgium,1919,7407
Belgium,1920,7465.8
Belgium,1921,7482.1
Belgium,1922,7541.3
Belgium,1923,7598.8
Belgium,1924,7666.1
Belgium,1925,7744.3
Belgium,1926,7811.9
Belgium,1927,7874.6
Belgium,1928,7996
Belgium,1929,8050
Belgium,1930,8092
Belgium,1931,8100
Belgium,1932,8159.2
Belgium,1933,8213.4
Belgium,1934,8246.2
Belgium,1935,8275.6
Belgium,1936,8296.3
Belgium,1937,8331
Belgium,1938,8361.2
Belgium,1939,8386.6
Belgium,1940,8398
Belgium,1941,8294.7
Belgium,1942,8257.4
Belgium,1943,8238.4
Belgium,1944,8242.9
Belgium,1945,8334.3
Belgium,1946,8388.5
Belgium,1947,8512.2
Belgium,1948,8557
Belgium,1949,8614
Belgium,1950,8639
Belgium,1951,8678
Belgium,1952,8730
Belgium,1953,8778
Belgium,1954,8819
Belgium,1955,8896.2
Belgium,1956,8951.4
Belgium,1957,9026.8
Belgium,1958,9078.6
Belgium,1959,9128.8
Belgium,1960,9178.2
Belgium,1961,9189.7
Belgium,1962,9251.4
Belgium,1963,9328.1
Belgium,1964,9428.1
Belgium,1965,9499.2
Belgium,1966,9556.4
Belgium,1967,9605.6
Belgium,1968,9631.9
Belgium,1969,9660.2
Belgium,1970,9650.9
Belgium,1971,9695.4
Belgium,1972,9726.9
Belgium,1973,9756.6
Belgium,1974,9788.2
Belgium,1975,9813.2
Belgium,1976,9823.3
Belgium,1977,9837.4
Belgium,1978,9841.7
Belgium,1979,9855.1
Belgium,1980,9863.4
Belgium,1981,9854.6
Belgium,1982,9858
Belgium,1983,9853
Belgium,1984,9857.7
Belgium,1985,9858.9
Belgium,1986,9864.8
Belgium,1987,9875.7
Belgium,1988,9927.6
Belgium,1989,9947.8
Belgium,1990,10016
Belgium,1991,9978.7
Belgium,1992,10039
Belgium,1993,10061
Belgium,1994,10080
Belgium,1995,10146
Belgium,1996,10159
Belgium,1997,10190
Belgium,1998,10204
Belgium,1999,10226
Belgium,2000,10241.5
Belgium,2001,10263
Belgium,2002,10333
Belgium,2005,10180
Belgium,2010,10155
Belgium,2015,10097
Belgium,2020,10044
Belgium,2025,9987
Belgium,2030,9900
Belgium,2050,7609
Belgium,188586,5785
Canada,1700,160
Canada,1740,260
Canada,1770,374
Canada,1801,240
Canada,1810,631
Canada,1815,684
Canada,1821,741
Canada,1828,1007
Canada,1834,1754.9
Canada,1837,1423
Canada,1839,1537
Canada,1842,2121.2
Canada,1845,1935
Canada,1848,2171
Canada,1851,2436.3
Canada,1852,2472
Canada,1855,2727
Canada,1858,2968
Canada,1859,3053
Canada,1860,3140
Canada,1861,3229.6
Canada,1862,3268
Canada,1863,3306
Canada,1864,3344
Canada,1865,3384
Canada,1866,3989.8
Canada,1867,3463
Canada,1868,3511
Canada,1869,3565
Canada,1870,3625
Canada,1871,3689.3
Canada,1872,3754
Canada,1873,3826
Canada,1874,3895
Canada,1875,3954
Canada,1876,4009
Canada,1877,4064
Canada,1878,4120
Canada,1879,4185
Canada,1880,4255
Canada,1881,4324.8
Canada,1882,4375
Canada,1883,4430
Canada,1884,4487
Canada,1885,4537
Canada,1886,4580
Canada,1887,4626
Canada,1888,4678
Canada,1889,4729
Canada,1890,4779
Canada,1891,4833.3
Canada,1892,4883
Canada,1893,4931
Canada,1894,4979
Canada,1895,5026
Canada,1896,5074
Canada,1897,5122
Canada,1898,5175
Canada,1899,5235
Canada,1900,5301
Canada,1901,5371.3
Canada,1902,5494
Canada,1903,5651
Canada,1904,5827
Canada,1905,6002
Canada,1906,6097
Canada,1907,6411
Canada,1908,6625
Canada,1909,6800
Canada,1910,6988
Canada,1911,7206.6
Canada,1912,7365.2
Canada,1913,7527.2
Canada,1914,7692.8
Canada,1915,7862.1
Canada,1916,8035.6
Canada,1917,8180.2
Canada,1918,8328.4
Canada,1919,8478.5
Canada,1920,8631.5
Canada,1921,8787.9
Canada,1922,8909
Canada,1923,9028
Canada,1924,9151
Canada,1925,9269
Canada,1926,9390
Canada,1927,9519
Canada,1928,9835
Canada,1929,10086
Canada,1930,10208
Canada,1931,10376.8
Canada,1932,10510
Canada,1933,10633
Canada,1934,10741
Canada,1935,10845
Canada,1936,11120
Canada,1937,11238.5
Canada,1938,11339
Canada,1939,11267
Canada,1940,11381
Canada,1941,11506.7
Canada,1942,11825.5
Canada,1943,11795
Canada,1944,11946
Canada,1945,12573
Canada,1946,12292
Canada,1947,12551
Canada,1948,13167
Canada,1949,13475
Canada,1950,13737
Canada,1951,14009.4
Canada,1952,14496
Canada,1953,14886
Canada,1954,15330
Canada,1955,15736
Canada,1956,16123
Canada,1957,16677
Canada,1958,17120
Canada,1959,17522
Canada,1960,17909
Canada,1961,18238.2
Canada,1962,18614
Canada,1963,18964
Canada,1964,19325
Canada,1965,19678
Canada,1966,20048
Canada,1967,20412
Canada,1968,20744
Canada,1969,21028
Canada,1970,21324
Canada,1971,21568.3
Canada,1972,21822
Canada,1973,22072
Canada,1974,22395
Canada,1975,22727
Canada,1976,22992.6
Canada,1977,23280
Canada,1978,23499
Canada,1979,23900
Canada,1980,24193
Canada,1981,24343.2
Canada,1982,24583
Canada,1983,24787
Canada,1984,25124
Canada,1985,25414
Canada,1986,25309.3
Canada,1987,25854
Canada,1988,25950
Canada,1989,26248
Canada,1990,26543
Canada,1991,27296.9
Canada,1992,28487
Canada,1993,28817
Canada,1994,29141
Canada,1995,29606
Canada,1996,29964
Canada,1997,30287
Canada,1998,30301
Canada,1999,30491
Canada,2000,31281.1
Canada,2001,30007.1
Canada,2005,31054
Canada,2010,32166
Canada,2015,33158
Canada,2020,34019
Canada,2025,34658
Canada,2030,35001
Canada,2050,40491
Canada,180607,433
Chile,1835,1010
Chile,1843,1084
Chile,1844,1081.5
Chile,1847,1133.8
Chile,1851,1269
Chile,1854,1439.1
Chile,1858,1558.3
Chile,1865,1819.2
Chile,1868,1908.4
Chile,1870,1972
Chile,1875,2076
Chile,1878,2136.7
Chile,1882,2237.9
Chile,1885,2527.3
Chile,1889,2665.9
Chile,1891,2766.7
Chile,1895,2963.7
Chile,1895,2712.1
Chile,1900,3110.1
Chile,1901,3050.1
Chile,1902,3146.6
Chile,1903,3173.8
Chile,1904,3206
Chile,1905,3139
Chile,1906,3399.9
Chile,1907,3249.3
Chile,1908,3253
Chile,1909,3302.3
Chile,1910,3329
Chile,1911,3415.1
Chile,1912,3404.5
Chile,1913,3443.3
Chile,1914,3482.1
Chile,1915,3520.9
Chile,1916,3559.8
Chile,1917,3598.6
Chile,1918,3637.4
Chile,1919,3676.2
Chile,1920,3715
Chile,1921,3753.8
Chile,1922,3792.2
Chile,1923,3831
Chile,1924,3869.8
Chile,1925,3908.6
Chile,1926,3947.4
Chile,1927,4024.9
Chile,1928,4164.9
Chile,1929,4341
Chile,1930,4287.4
Chile,1931,4365
Chile,1932,4429
Chile,1933,4495
Chile,1934,4563
Chile,1935,4631
Chile,1936,4700
Chile,1937,4771
Chile,1938,4842
Chile,1939,4914
Chile,1940,5023.5
Chile,1941,5063
Chile,1942,5094
Chile,1943,5191
Chile,1944,5440
Chile,1945,5541
Chile,1946,5643
Chile,1947,5748
Chile,1948,5831
Chile,1949,5945
Chile,1950,6091
Chile,1951,6221
Chile,1952,6352
Chile,1953,6482
Chile,1954,6613
Chile,1955,6743
Chile,1956,6912
Chile,1957,7080
Chile,1958,7249
Chile,1959,7417
Chile,1960,7585
Chile,1961,7770
Chile,1962,7955
Chile,1963,8140
Chile,1964,8325
Chile,1965,8510
Chile,1966,8682
Chile,1967,8853
Chile,1968,9025
Chile,1969,9197
Chile,1970,9369
Chile,1971,9545
Chile,1972,9722
Chile,1973,9899
Chile,1974,10076
Chile,1975,10253
Chile,1976,10454
Chile,1977,10656
Chile,1978,10857
Chile,1979,10975
Chile,1980,11145
Chile,1981,11327
Chile,1982,11519
Chile,1983,11717
Chile,1984,11919
Chile,1985,12122
Chile,1986,12327
Chile,1987,12495
Chile,1988,12712
Chile,1989,12932
Chile,1990,13154
Chile,1991,13377
Chile,1992,13348.4
Chile,1993,13813.3
Chile,1994,14026.2
Chile,1995,14210.4
Chile,1996,14419
Chile,1997,14620
Chile,1998,14822
Chile,1999,15018
Chile,2000,15153.8
Chile,2005,15859
Chile,2010,16659
Chile,2015,17475
Chile,2020,18260
Chile,2025,18954
Chile,2030,19358
Chile,186667,1848.8
Czech Republic,1820,4736
Czech Republic,1840,6340.8
Czech Republic,1842,6502.9
Czech Republic,1850,6648.3
Czech Republic,1855,7252.3
Czech Republic,1858,7016.5
Czech Republic,1870,7684.4
Czech Republic,1881,8279.7
Czech Republic,1891,8725.8
Czech Republic,1901,9436.8
Czech Republic,1913,10302.6
Czech Republic,1920,10058
Czech Republic,1927,10450.6
Czech Republic,1930,10674.4
Czech Republic,1947,8762.3
Czech Republic,1950,8896.1
Czech Republic,1959,9637.8
Czech Republic,1960,9679.4
Czech Republic,1961,9700
Czech Republic,1962,9720
Czech Republic,1963,9740
Czech Republic,1964,9756.4
Czech Republic,1965,9802.3
Czech Republic,1966,9820
Czech Republic,1967,9839.2
Czech Republic,1968,9825
Czech Republic,1969,9789.5
Czech Republic,1970,9809.7
Czech Republic,1971,9870
Czech Republic,1972,9920
Czech Republic,1973,9970
Czech Republic,1974,10023.7
Czech Republic,1975,10093.6
Czech Republic,1976,10140
Czech Republic,1977,10200
Czech Republic,1978,10164.8
Czech Republic,1979,10315.7
Czech Republic,1980,10335.8
Czech Republic,1981,10327.9
Czech Republic,1982,10321.2
Czech Republic,1983,10326.5
Czech Republic,1984,10333.9
Czech Republic,1985,10340.3
Czech Republic,1986,10344.1
Czech Republic,1987,10350.5
Czech Republic,1988,10360
Czech Republic,1989,10362.1
Czech Republic,1990,10364.1
Czech Republic,1991,10312.5
Czech Republic,1992,10325.7
Czech Republic,1993,10333.9
Czech Republic,1994,10333.2
Czech Republic,1995,10321.3
Czech Republic,1996,10315
Czech Republic,1997,10309.1
Czech Republic,1998,10295
Czech Republic,1999,10289.6
Czech Republic,2000,10272.2
Czech Republic,2001,10292.9
Czech Republic,2005,10658
Czech Republic,2010,10786
Czech Republic,2015,10876
Czech Republic,2020,10944
Czech Republic,2025,11001
Czech Republic,2030,11039
Denmark,1700,745
Denmark,1769,797.6
Denmark,1787,841.8
Denmark,1801,929
Denmark,1805,961
Denmark,1810,1003
Denmark,1815,1047
Denmark,1820,1092
Denmark,1825,1140
Denmark,1830,1190
Denmark,1834,1231
Denmark,1837,1260
Denmark,1840,1289.1
Denmark,1845,1350.3
Denmark,1849,1407.7
Denmark,1850,1414.6
Denmark,1855,1499.9
Denmark,1857,1550
Denmark,1860,1608.4
Denmark,1865,1717.8
Denmark,1868,1753.8
Denmark,1870,1783.6
Denmark,1870,1784.7
Denmark,1878,1940
Denmark,1880,1969
Denmark,1883,2030
Denmark,1886,2108
Denmark,1890,2172.4
Denmark,1896,2304
Denmark,1898,2310
Denmark,1900,2430
Denmark,1901,2449.5
Denmark,1902,2490
Denmark,1903,2520
Denmark,1904,2550
Denmark,1905,2570
Denmark,1906,2589
Denmark,1907,2630
Denmark,1908,2670
Denmark,1909,2700
Denmark,1910,2740
Denmark,1911,2775.1
Denmark,1912,2786
Denmark,1913,2818
Denmark,1914,2848
Denmark,1915,2883
Denmark,1916,2921.4
Denmark,1917,2955
Denmark,1918,2990
Denmark,1919,3030
Denmark,1920,3063
Denmark,1921,3267.8
Denmark,1922,3306
Denmark,1923,3339
Denmark,1924,3374
Denmark,1925,3408
Denmark,1926,3434.6
Denmark,1927,3467
Denmark,1928,3487
Denmark,1929,3520
Denmark,1930,3550.4
Denmark,1931,3570
Denmark,1932,3590
Denmark,1933,3630
Denmark,1934,3684
Denmark,1935,3706.4
Denmark,1936,3731
Denmark,1937,3749
Denmark,1938,3764
Denmark,1939,3795
Denmark,1940,3844.5
Denmark,1941,3863
Denmark,1942,3900
Denmark,1943,3949
Denmark,1944,3900
Denmark,1945,3950
Denmark,1946,4000
Denmark,1947,4045
Denmark,1948,4190
Denmark,1949,4230
Denmark,1950,4270
Denmark,1951,4304
Denmark,1952,4336
Denmark,1953,4369
Denmark,1954,4407
Denmark,1955,4543.3
Denmark,1956,4466
Denmark,1957,4488
Denmark,1958,4515
Denmark,1959,4565.5
Denmark,1960,4593.8
Denmark,1961,4629.6
Denmark,1962,4665.8
Denmark,1963,4703.1
Denmark,1964,4741
Denmark,1965,4779.4
Denmark,1966,4817.7
Denmark,1967,4853
Denmark,1968,4876.8
Denmark,1969,4906.9
Denmark,1970,4950.6
Denmark,1971,4975.7
Denmark,1972,5007.5
Denmark,1973,5036.2
Denmark,1974,5054.4
Denmark,1975,5065.3
Denmark,1976,5079.9
Denmark,1977,5097
Denmark,1978,5111.5
Denmark,1979,5122.1
Denmark,1980,5124
Denmark,1981,5119.2
Denmark,1982,5116.5
Denmark,1983,5112.1
Denmark,1984,5111.1
Denmark,1985,5116.3
Denmark,1986,5124.8
Denmark,1987,5129.3
Denmark,1988,5129.8
Denmark,1989,5135.4
Denmark,1990,5146.5
Denmark,1991,5162.1
Denmark,1992,5180.6
Denmark,1993,5196.6
Denmark,1994,5215.7
Denmark,1995,5251
Denmark,1996,5262
Denmark,1997,5284
Denmark,1998,5301
Denmark,1999,5319
Denmark,2000,5336.4
Denmark,2001,5355
Denmark,2002,5374
Denmark,2003,5383.5
Denmark,2005,5281
Denmark,2010,5277
Denmark,2015,5269
Denmark,2020,5261
Denmark,2025,5244
Denmark,2030,5213
Denmark,2050,4476
Estonia,1200,175
Estonia,1550,260
Estonia,1630,85
Estonia,1695,400
Estonia,1698,330
Estonia,1712,150
Estonia,1782,490
Estonia,1811,263
Estonia,1840,282.2
Estonia,1846,310.4
Estonia,1851,289.8
Estonia,1858,303.5
Estonia,1863,313.1
Estonia,1867,322.7
Estonia,1871,324
Estonia,1881,375.9
Estonia,1885,387.1
Estonia,1891,404.7
Estonia,1897,412.7
Estonia,1907,455.2
Estonia,1910,471.4
Estonia,1913,954
Estonia,1914,507
Estonia,1915,512.5
Estonia,1922,1089.8
Estonia,1923,1109.5
Estonia,1926,1117.3
Estonia,1932,1120
Estonia,1934,1126.4
Estonia,1938,1131
Estonia,1939,1134
Estonia,1940,1054
Estonia,1941,1017.8
Estonia,1945,854
Estonia,1950,1101
Estonia,1951,1114
Estonia,1952,1126
Estonia,1953,1138
Estonia,1954,1149
Estonia,1955,1160
Estonia,1956,1171
Estonia,1957,1181
Estonia,1958,1192
Estonia,1959,1197
Estonia,1960,1209.1
Estonia,1961,1222.2
Estonia,1962,1234
Estonia,1963,1247
Estonia,1964,1259
Estonia,1965,1284.8
Estonia,1966,1297.3
Estonia,1967,1294
Estonia,1968,1305
Estonia,1969,1316
Estonia,1970,1356
Estonia,1971,1372.3
Estonia,1972,1391
Estonia,1973,1405
Estonia,1974,1417
Estonia,1975,1429
Estonia,1976,1438
Estonia,1977,1447
Estonia,1978,1456
Estonia,1979,1464.5
Estonia,1980,1469.2
Estonia,1981,1482.2
Estonia,1982,1493.1
Estonia,1983,1493.6
Estonia,1984,1502.8
Estonia,1985,1513.1
Estonia,1986,1524.9
Estonia,1987,1539
Estonia,1988,1554
Estonia,1989,1572.9
Estonia,1990,1570.6
Estonia,1991,1567.7
Estonia,1992,1554.9
Estonia,1993,1511.3
Estonia,1994,1477
Estonia,1995,1448.1
Estonia,1996,1425.2
Estonia,1997,1406
Estonia,1998,1393.1
Estonia,1999,1379.2
Estonia,2000,1370.5
Estonia,2001,1367
Estonia,2002,1361.2
Estonia,2003,1356
Estonia,2005,1330
Estonia,2010,1380
Estonia,2015,1375
Estonia,2020,1370
Estonia,2025,1365
Estonia,2030,1360
Estonia,2050,1047
Finland,1750,421.5
Finland,1760,491.1
Finland,1770,561
Finland,1780,663.9
Finland,1790,705.6
Finland,1800,832.7
Finland,1810,863.3
Finland,1820,1177.5
Finland,1830,1372.1
Finland,1834,1380
Finland,1837,1390
Finland,1840,1445.6
Finland,1844,1520
Finland,1847,1570
Finland,1850,1636.9
Finland,1854,1680
Finland,1857,1700
Finland,1860,1746.7
Finland,1864,1829.2
Finland,1867,1830.9
Finland,1870,1768.8
Finland,1874,1832.1
Finland,1877,1941.3
Finland,1880,2060.8
Finland,1883,2130
Finland,1886,2203.4
Finland,1890,2380.1
Finland,1893,2423
Finland,1896,2520.4
Finland,1900,2655.9
Finland,1901,2712.2
Finland,1902,2744.9
Finland,1903,2781.4
Finland,1904,2816.3
Finland,1905,2857
Finland,1906,2892.1
Finland,1907,2933.9
Finland,1908,2974.8
Finland,1909,3012.8
Finland,1910,2943.4
Finland,1911,3115.2
Finland,1912,3154.8
Finland,1913,3196.4
Finland,1914,3232
Finland,1915,3269.4
Finland,1916,3300.7
Finland,1917,3325
Finland,1918,3347.6
Finland,1919,3329.1
Finland,1920,3147.6
Finland,1921,3210
Finland,1922,3367.5
Finland,1923,3402.6
Finland,1924,3300
Finland,1925,3495.4
Finland,1926,3526.4
Finland,1927,3558.1
Finland,1928,3420
Finland,1929,3450
Finland,1930,3462.7
Finland,1931,3500
Finland,1932,3697.5
Finland,1933,3720.8
Finland,1934,3738.5
Finland,1935,3762
Finland,1936,3786.9
Finland,1937,3807.2
Finland,1938,3834.7
Finland,1939,3700
Finland,1940,3695.6
Finland,1941,3710
Finland,1942,3904.2
Finland,1943,3750
Finland,1944,3780
Finland,1945,3820
Finland,1946,3900
Finland,1947,3860
Finland,1948,3912
Finland,1949,3963
Finland,1950,4029.8
Finland,1951,4047
Finland,1952,4091
Finland,1953,4139
Finland,1954,4187
Finland,1955,4235
Finland,1956,4282
Finland,1957,4324
Finland,1958,4360
Finland,1959,4395
Finland,1960,4446.2
Finland,1961,4461
Finland,1962,4491
Finland,1963,4523
Finland,1964,4557.6
Finland,1965,4569.9
Finland,1966,4581
Finland,1967,4606
Finland,1968,4627
Finland,1969,4614.3
Finland,1970,4598.3
Finland,1971,4616
Finland,1972,4640
Finland,1973,4666
Finland,1974,4702.4
Finland,1975,4720.5
Finland,1976,4726
Finland,1977,4737
Finland,1978,4752
Finland,1979,4771.3
Finland,1980,4787.8
Finland,1981,4812.2
Finland,1982,4841.7
Finland,1983,4869.9
Finland,1984,4893.7
Finland,1985,4910.7
Finland,1986,4925.6
Finland,1987,4938.6
Finland,1988,4954.4
Finland,1989,4974.4
Finland,1990,4998.6
Finland,1991,5029
Finland,1992,5055
Finland,1993,5077.9
Finland,1994,5098.8
Finland,1995,5116.8
Finland,1996,5132.3
Finland,1997,5147.3
Finland,1998,5153
Finland,1999,5166
Finland,2000,5167.5
Finland,2005,5231
Finland,2010,5272
Finland,2015,5301
Finland,2020,5322
Finland,2025,5329
Finland,2030,5318
Germany,1700,19608
Germany,1740,20409
Germany,1770,21031
Germany,1800,21715
Germany,1805,21890
Germany,1810,22110
Germany,1816,23103.2
Germany,1820,26294
Germany,1828,26646
Germany,1830,29520
Germany,1834,28237
Germany,1837,30010.7
Germany,1840,32828
Germany,1843,33610
Germany,1846,34620
Germany,1850,35397
Germany,1852,33413
Germany,1858,35334.5
Germany,1860,37747
Germany,1864,37804
Germany,1867,38495.9
Germany,1871,41058.8
Germany,1874,42000
Germany,1877,43610
Germany,1880,45234.1
Germany,1885,46840.6
Germany,1888,48170
Germany,1890,49428.1
Germany,1893,50760
Germany,1896,52750
Germany,1900,56356.2
Germany,1901,56870
Germany,1902,57770
Germany,1903,58630
Germany,1904,59470
Germany,1905,60641.5
Germany,1906,61150
Germany,1907,62010
Germany,1908,62860
Germany,1909,63720
Germany,1910,64926
Germany,1911,65360
Germany,1912,66150
Germany,1913,66980
Germany,1914,67180
Germany,1915,67849
Germany,1916,67580
Germany,1917,67155
Germany,1918,64565
Germany,1919,60324.7
Germany,1920,62126
Germany,1921,60625.8
Germany,1922,61185.4
Germany,1923,61577.3
Germany,1924,61952.4
Germany,1925,63363
Germany,1926,62865.9
Germany,1927,63252.3
Germany,1928,64390
Germany,1929,64740
Germany,1930,65300
Germany,1931,65420
Germany,1932,65720
Germany,1933,66031.6
Germany,1934,66410
Germany,1935,66870
Germany,1936,67350
Germany,1937,67830
Germany,1938,68072
Germany,1939,69622.5
Germany,1940,70747
Germany,1941,71916.7
Germany,1942,72620
Germany,1943,71400
Germany,1944,70539
Germany,1945,69677
Germany,1946,68817
Germany,1947,67956
Germany,1948,67365
Germany,1949,68080
Germany,1950,68377
Germany,1951,68879
Germany,1952,69187
Germany,1953,69528
Germany,1954,69939
Germany,1955,70326
Germany,1956,70724
Germany,1957,71174
Germany,1958,71647
Germany,1959,72174
Germany,1960,72674
Germany,1961,73300
Germany,1962,73939
Germany,1963,74544
Germany,1964,74963
Germany,1965,75647
Germany,1966,76214
Germany,1967,76368
Germany,1968,76584
Germany,1969,77134
Germany,1970,77709
Germany,1971,78341
Germany,1972,78740
Germany,1973,78967
Germany,1974,78996
Germany,1975,78697
Germany,1976,78360
Germany,1977,78184
Germany,1978,78106
Germany,1979,78126
Germany,1980,78275
Germany,1981,78399
Germany,1982,78293
Germany,1983,78081
Germany,1984,77796
Germany,1985,77619
Germany,1986,77635
Germany,1987,77718
Germany,1988,78116
Germany,1989,78677
Germany,1990,80274.2
Germany,1991,80274.6
Germany,1992,80274.6
Germany,1993,80974.6
Germany,1994,81141
Germany,1995,81869
Germany,1996,81912
Germany,1997,82071
Germany,1998,82047
Germany,1999,82100
Germany,2000,82797.4
Germany,2001,83030
Germany,2005,79941
Germany,2010,78867
Germany,2015,77745
Germany,2020,76393
Germany,2025,74964
Germany,2030,73495
Germany,2050,57429
Greece,1821,938.8
Greece,1828,753.4
Greece,1838,752.1
Greece,1839,823.8
Greece,1840,850.2
Greece,1841,861
Greece,1842,853
Greece,1843,915.1
Greece,1844,930.3
Greece,1845,960.2
Greece,1848,986.7
Greece,1851,998.3
Greece,1852,1002.1
Greece,1853,1053.5
Greece,1856,1062.6
Greece,1861,1096.8
Greece,1870,1457.9
Greece,1879,1679.5
Greece,1889,2187.2
Greece,1896,2433.8
Greece,1900,4962
Greece,1901,4997
Greece,1902,5032
Greece,1903,5067
Greece,1904,5102
Greece,1905,5138
Greece,1906,5174
Greece,1907,2632
Greece,1908,5246
Greece,1909,5283
Greece,1910,5320
Greece,1911,5355
Greece,1912,5390
Greece,1913,5425
Greece,1914,5463
Greece,1915,5502
Greece,1916,5541
Greece,1917,5580
Greece,1918,5620
Greece,1919,5660
Greece,1920,5016.9
Greece,1921,5761
Greece,1922,5822
Greece,1923,6010
Greece,1924,6000
Greece,1925,5957.5
Greece,1926,6041.5
Greece,1927,6127
Greece,1928,6204.7
Greece,1929,6286
Greece,1930,6387.1
Greece,1931,6462.8
Greece,1932,6543.6
Greece,1933,6624.5
Greece,1934,6726.9
Greece,1935,6837
Greece,1936,6936.2
Greece,1937,7028.5
Greece,1938,7121.8
Greece,1939,7221.9
Greece,1940,7344.9
Greece,1941,7372
Greece,1942,7399
Greece,1943,7426
Greece,1944,7454
Greece,1945,7481
Greece,1946,7509
Greece,1947,7536
Greece,1948,7749
Greece,1949,7856
Greece,1950,7554
Greece,1951,7632.8
Greece,1952,7733
Greece,1953,7817
Greece,1954,7893.4
Greece,1955,7965.5
Greece,1956,8031
Greece,1957,8096.2
Greece,1958,8173.1
Greece,1959,8258.2
Greece,1960,8327.4
Greece,1961,8388.6
Greece,1962,8448.2
Greece,1963,8479.6
Greece,1964,8510.4
Greece,1965,8550.3
Greece,1966,8613.7
Greece,1967,8716.4
Greece,1968,8740.8
Greece,1969,8772.8
Greece,1970,8792.8
Greece,1971,8768.6
Greece,1972,8888.6
Greece,1973,8929.1
Greece,1974,8962
Greece,1975,9046.5
Greece,1976,9167.2
Greece,1977,9308.5
Greece,1978,9430
Greece,1979,9548.3
Greece,1980,9642.5
Greece,1981,9740.4
Greece,1982,9789.5
Greece,1983,9846.6
Greece,1984,9895.8
Greece,1985,9934.3
Greece,1986,9963.6
Greece,1987,9983.5
Greece,1988,10019
Greece,1989,10057.4
Greece,1990,10120
Greece,1991,10264.2
Greece,1992,10346.4
Greece,1993,10390
Greece,1994,10416
Greece,1995,10467
Greece,1996,10475
Greece,1997,10490
Greece,1998,10515
Greece,1999,10538
Greece,2000,10601.5
Greece,2001,10964.1
Greece,2005,10753
Greece,2010,10748
Greece,2015,10696
Greece,2020,10616
Greece,2025,10536
Greece,2030,10442
Greece,2050,8362
Greece,188081,1979.1
Iceland,1703,50.4
Iceland,1762,44.8
Iceland,1769,46.2
Iceland,1785,40.6
Iceland,1790,46
Iceland,1801,47.2
Iceland,1810,49
Iceland,1815,50
Iceland,1822,52
Iceland,1830,54
Iceland,1835,56
Iceland,1837,56
Iceland,1840,57.1
Iceland,1845,58.6
Iceland,1848,59
Iceland,1850,59.2
Iceland,1855,64.6
Iceland,1858,65
Iceland,1860,67
Iceland,1864,68
Iceland,1868,68.6
Iceland,1870,69.8
Iceland,1874,71.1
Iceland,1878,72
Iceland,1880,72.4
Iceland,1885,71
Iceland,1889,69.2
Iceland,1890,70.9
Iceland,1892,72
Iceland,1895,73.5
Iceland,1900,77
Iceland,1901,78.5
Iceland,1902,79
Iceland,1903,80
Iceland,1904,80
Iceland,1905,81
Iceland,1906,78.5
Iceland,1907,83
Iceland,1908,83
Iceland,1909,84
Iceland,1910,85.2
Iceland,1911,86
Iceland,1912,85.7
Iceland,1913,86.1
Iceland,1914,87.1
Iceland,1915,88.1
Iceland,1916,89.1
Iceland,1917,89.8
Iceland,1918,91.4
Iceland,1919,91.9
Iceland,1920,94.7
Iceland,1921,96
Iceland,1922,95.2
Iceland,1923,96.4
Iceland,1924,97.7
Iceland,1925,98.5
Iceland,1926,100.1
Iceland,1927,101.8
Iceland,1928,103.3
Iceland,1929,106
Iceland,1930,108.9
Iceland,1931,110
Iceland,1932,111
Iceland,1933,112
Iceland,1934,114
Iceland,1935,114.7
Iceland,1936,116.9
Iceland,1937,117.7
Iceland,1938,118
Iceland,1939,118.9
Iceland,1940,121.5
Iceland,1941,121.3
Iceland,1942,125
Iceland,1943,127
Iceland,1944,129
Iceland,1945,132
Iceland,1946,134
Iceland,1947,136
Iceland,1948,138
Iceland,1949,141
Iceland,1950,144
Iceland,1951,146
Iceland,1952,148
Iceland,1953,151
Iceland,1954,155
Iceland,1955,158
Iceland,1956,161
Iceland,1957,165
Iceland,1958,169
Iceland,1959,172
Iceland,1960,175.7
Iceland,1961,180.1
Iceland,1962,183.5
Iceland,1963,186.9
Iceland,1964,190.2
Iceland,1965,193.8
Iceland,1966,196.9
Iceland,1967,199.9
Iceland,1968,202.2
Iceland,1969,203.4
Iceland,1970,204.6
Iceland,1971,207.2
Iceland,1972,210.8
Iceland,1973,213.5
Iceland,1974,216.6
Iceland,1975,219
Iceland,1976,220.9
Iceland,1977,222.5
Iceland,1978,224.4
Iceland,1979,226.7
Iceland,1980,229.2
Iceland,1981,232
Iceland,1982,235.5
Iceland,1983,238.2
Iceland,1984,240.4
Iceland,1985,242.1
Iceland,1986,244
Iceland,1987,247.4
Iceland,1988,251.7
Iceland,1989,253.5
Iceland,1990,255.7
Iceland,1991,259.6
Iceland,1992,262.2
Iceland,1993,264.9
Iceland,1994,266.8
Iceland,1995,267.8
Iceland,1996,269.7
Iceland,1997,272.1
Iceland,1998,275.3
Iceland,1999,278.7
Iceland,2000,282.8
Iceland,2001,286.3
Iceland,2005,296
Iceland,2010,308
Iceland,2015,319
Iceland,2020,330
Iceland,2025,339
Iceland,2030,347
Iceland,2050,279
Ireland,1791,4200
Ireland,1801,5220
Ireland,1806,5650
Ireland,1811,5960
Ireland,1816,6360
Ireland,1821,6802
Ireland,1826,7270
Ireland,1831,7767
Ireland,1834,7890
Ireland,1837,8020
Ireland,1841,6528.8
Ireland,1844,8280
Ireland,1847,8020
Ireland,1851,5111.6
Ireland,1854,6080
Ireland,1857,5920
Ireland,1861,4402.1
Ireland,1864,5640
Ireland,1867,5490
Ireland,1871,4035.2
Ireland,1874,5300
Ireland,1877,5290
Ireland,1881,3870
Ireland,1884,4970
Ireland,1887,4860
Ireland,1891,3468.7
Ireland,1894,4590
Ireland,1897,4530
Ireland,1900,4470
Ireland,1901,3221.8
Ireland,1902,4430
Ireland,1903,4420
Ireland,1904,4410
Ireland,1905,4400
Ireland,1906,4400
Ireland,1907,4390
Ireland,1908,4380
Ireland,1909,4390
Ireland,1910,4380
Ireland,1911,3139.7
Ireland,1912,4370
Ireland,1913,4350
Ireland,1914,4330
Ireland,1915,4280
Ireland,1916,4270
Ireland,1917,4270
Ireland,1918,4280
Ireland,1919,4350
Ireland,1920,4360
Ireland,1921,4350
Ireland,1922,3020
Ireland,1923,3010
Ireland,1924,3000
Ireland,1925,2980
Ireland,1926,2972
Ireland,1927,2960
Ireland,1928,2940
Ireland,1929,2940
Ireland,1930,2930
Ireland,1931,2930
Ireland,1932,2950
Ireland,1933,2960
Ireland,1934,2970
Ireland,1935,2970
Ireland,1936,2968.4
Ireland,1937,2950
Ireland,1938,2940
Ireland,1939,2930
Ireland,1940,2960
Ireland,1941,2990
Ireland,1942,2960
Ireland,1943,2950
Ireland,1944,2940
Ireland,1945,2950
Ireland,1946,2955.1
Ireland,1947,2970
Ireland,1948,2980
Ireland,1949,2980
Ireland,1950,2970
Ireland,1951,2960.6
Ireland,1952,2950
Ireland,1953,2950
Ireland,1954,2940
Ireland,1955,2920
Ireland,1956,2898.3
Ireland,1957,2880
Ireland,1958,2850
Ireland,1959,2850
Ireland,1960,2821.7
Ireland,1961,2818.3
Ireland,1962,2820
Ireland,1963,2840
Ireland,1964,2850
Ireland,1965,2882
Ireland,1966,2884
Ireland,1967,2900
Ireland,1968,2910
Ireland,1969,2954
Ireland,1970,2971.3
Ireland,1971,2978.2
Ireland,1972,3020
Ireland,1973,3070
Ireland,1974,3178
Ireland,1975,3215.2
Ireland,1976,3230
Ireland,1977,3270
Ireland,1978,3310
Ireland,1979,3368.2
Ireland,1980,3432.8
Ireland,1981,3443.4
Ireland,1982,3498
Ireland,1983,3522.8
Ireland,1984,3537.3
Ireland,1985,3540.4
Ireland,1986,3540.6
Ireland,1987,3534.9
Ireland,1988,3515.1
Ireland,1989,3507
Ireland,1990,3521
Ireland,1991,3525.7
Ireland,1992,3560
Ireland,1993,3571
Ireland,1994,3543
Ireland,1995,3586
Ireland,1996,3626.1
Ireland,1997,3661
Ireland,1998,3705
Ireland,1999,3752
Ireland,2000,3797.3
Ireland,2001,3828
Ireland,2002,3917.3
Ireland,2005,3870
Ireland,2010,4019
Ireland,2015,4149
Ireland,2020,4262
Ireland,2025,4364
Ireland,2030,4460
Ireland,2050,3600
Israel,1890,500
Israel,1895,508
Israel,1900,516
Israel,1905,564
Israel,1910,616
Israel,1911,675
Israel,1915,674
Israel,1920,737
Israel,1922,757.2
Israel,1925,805
Israel,1926,887
Israel,1927,881.7
Israel,1929,916
Israel,1930,880
Israel,1931,1035.8
Israel,1935,963
Israel,1936,1340
Israel,1937,1383.3
Israel,1938,1435.3
Israel,1939,1466.5
Israel,1940,1052
Israel,1941,1591
Israel,1942,1645
Israel,1943,1676.6
Israel,1944,1764.5
Israel,1945,1834.9
Israel,1946,1912.1
Israel,1947,700
Israel,1949,1066
Israel,1950,1258
Israel,1951,1516
Israel,1952,1607
Israel,1953,1651
Israel,1954,1688
Israel,1955,1748
Israel,1956,1827
Israel,1957,1937
Israel,1958,1997
Israel,1959,2061
Israel,1960,2114
Israel,1961,2185
Israel,1962,2293
Israel,1963,2379
Israel,1964,2475
Israel,1965,2563
Israel,1966,2629
Israel,1967,2745
Israel,1968,2803
Israel,1969,2877
Israel,1970,2974
Israel,1971,3069
Israel,1972,3148
Israel,1973,3278
Israel,1974,3377
Israel,1975,3455
Israel,1976,3533
Israel,1977,3611
Israel,1978,3689
Israel,1979,3816.6
Israel,1980,3878
Israel,1983,4013.2
Israel,1984,4209
Israel,1985,4296
Israel,1986,4304
Israel,1987,4374
Israel,1988,4444
Israel,1989,4525
Israel,1990,4636
Israel,1991,4888
Israel,1992,5113
Israel,1993,5281
Israel,1994,5420
Israel,1995,5521
Israel,1996,5692
Israel,1997,5836
Israel,1998,5963
Israel,2000,6104
Israel,2005,6465
Israel,2010,6829
Israel,2015,7189
Israel,2020,7535
Israel,2025,7852
Israel,2030,8132
Italy,1700,13357
Italy,1770,14689
Italy,1795,16257
Italy,1800,17237
Italy,1805,17587
Italy,1810,17943
Italy,1816,18381
Italy,1820,18967
Italy,1825,19727
Italy,1833,21212
Italy,1835,21514
Italy,1838,21975
Italy,1844,22936
Italy,1846,23274
Italy,1848,23617
Italy,1852,24351
Italy,1854,24102
Italy,1856,23855
Italy,1858,24857
Italy,1859,24910
Italy,1860,24964
Italy,1861,25017
Italy,1862,24273.8
Italy,1863,24476.9
Italy,1864,24681
Italy,1865,24882.6
Italy,1866,25097.2
Italy,1867,25344.2
Italy,1868,25404.7
Italy,1869,25527.9
Italy,1870,25766.2
Italy,1871,26801.2
Italy,1872,26880
Italy,1873,26994.3
Italy,1874,27165.6
Italy,1875,27289.9
Italy,1876,27482.2
Italy,1877,27769.5
Italy,1878,28010.7
Italy,1879,28209.6
Italy,1880,28437.1
Italy,1881,28525
Italy,1882,28459.6
Italy,1883,28773.4
Italy,1884,29010.7
Italy,1885,29361
Italy,1886,29669.8
Italy,1887,29943.6
Italy,1888,30260.1
Italy,1889,30565.3
Italy,1890,30947.3
Italy,1892,30347.3
Italy,1893,30535.8
Italy,1894,30724.9
Italy,1895,30913.7
Italy,1896,31102.8
Italy,1897,31290.5
Italy,1898,31479.2
Italy,1899,31667.9
Italy,1900,32475
Italy,1901,32045.4
Italy,1902,32595.6
Italy,1903,32961.2
Italy,1904,33218.3
Italy,1905,33476.1
Italy,1906,33733.2
Italy,1907,33640.7
Italy,1908,33909.8
Italy,1909,34269.8
Italy,1910,34565.2
Italy,1911,35131.8
Italy,1912,35269.2
Italy,1913,35239
Italy,1914,35597.8
Italy,1915,36120.1
Italy,1916,36546.4
Italy,1917,36602.4
Italy,1918,36582.9
Italy,1919,36370
Italy,1920,37837
Italy,1921,38756
Italy,1922,38790
Italy,1923,39136
Italy,1924,39401
Italy,1925,39693
Italy,1926,39584.6
Italy,1927,39681
Italy,1928,40054
Italy,1929,40445
Italy,1930,40703
Italy,1931,41176.7
Italy,1932,41580
Italy,1933,41930
Italy,1934,41806
Italy,1935,42217
Italy,1936,42444.6
Italy,1937,43578
Italy,1938,43843
Italy,1939,44394
Italy,1940,43787
Italy,1941,44830
Italy,1942,45387
Italy,1943,44830
Italy,1944,44940
Italy,1945,45415
Italy,1946,45380
Italy,1947,45720
Italy,1948,46381
Italy,1949,46733
Italy,1950,47104
Italy,1951,47417
Italy,1952,47666
Italy,1953,47957
Italy,1954,48299
Italy,1955,48633
Italy,1956,48920
Italy,1957,49181
Italy,1958,49475
Italy,1959,50025.5
Italy,1960,50373.9
Italy,1961,50523
Italy,1962,50843
Italy,1963,51198
Italy,1964,51906.8
Italy,1965,52317.9
Italy,1966,52332
Italy,1967,52667
Italy,1968,52987
Italy,1969,53685.3
Italy,1970,53958.4
Italy,1971,54005
Italy,1972,54411
Italy,1973,54912
Italy,1974,55293
Italy,1975,55589
Italy,1976,56168
Italy,1977,56461
Italy,1978,56697
Italy,1979,56388.5
Italy,1980,56479.3
Italy,1981,56541.3
Italy,1982,56615.8
Italy,1983,56635.9
Italy,1984,56667.5
Italy,1985,56681
Italy,1986,56669.6
Italy,1987,56678
Italy,1988,56697.5
Italy,1989,56711.9
Italy,1990,56762.7
Italy,1991,56757.2
Italy,1992,56960.3
Italy,1993,57245
Italy,1994,57154
Italy,1995,57204
Italy,1996,57380
Italy,1997,57523
Italy,1998,57589
Italy,1999,57646
Italy,2000,57634.3
Italy,2001,56305.6
Italy,2005,57424
Italy,2010,56824
Italy,2015,56043
Italy,2020,55139
Italy,2025,54209
Italy,2030,53172
Italy,2050,38290
Japan,1721,26065.4
Japan,1792,24981
Japan,1798,25471
Japan,1804,25622
Japan,1822,26602
Japan,1828,27201
Japan,1834,27604
Japan,1846,26907.6
Japan,1852,27201
Japan,1872,33110.8
Japan,1873,33300.7
Japan,1874,33625.7
Japan,1875,35316
Japan,1876,34338.5
Japan,1877,35870
Japan,1878,36166
Japan,1879,35768.6
Japan,1880,35925.3
Japan,1881,36965
Japan,1882,37259
Japan,1883,37569
Japan,1884,37962
Japan,1885,38313
Japan,1886,37869
Japan,1887,38151.2
Japan,1888,38507.2
Japan,1889,39069
Japan,1890,39607.2
Japan,1891,40072
Japan,1892,40453.5
Japan,1893,40718.7
Japan,1894,41089.9
Japan,1895,41388.3
Japan,1896,41183.2
Japan,1897,42270.6
Japan,1898,42708.3
Japan,1899,43228.9
Japan,1900,43847
Japan,1901,44260.6
Japan,1902,44805.9
Japan,1903,45437
Japan,1904,46022.5
Japan,1905,46620
Japan,1906,46732.8
Japan,1907,47674.5
Japan,1908,48608.9
Japan,1909,48765.5
Japan,1910,49588.8
Japan,1911,50751.9
Japan,1912,51591.3
Japan,1913,51748.6
Japan,1914,52312.1
Japan,1915,52752
Japan,1916,53596.9
Japan,1917,54282.9
Japan,1918,55965.3
Japan,1919,55662.9
Japan,1920,55963.1
Japan,1921,56787.3
Japan,1922,57655.8
Japan,1923,58481.5
Japan,1924,59138.9
Japan,1925,59736.8
Japan,1926,60521.6
Japan,1927,61316.6
Japan,1928,62122.2
Japan,1929,62938.2
Japan,1930,64450
Japan,1931,65366.5
Japan,1932,66296
Japan,1933,67238.6
Japan,1934,68194.9
Japan,1935,69254.1
Japan,1936,70258.2
Japan,1937,71252.8
Japan,1938,72222.7
Japan,1939,71380
Japan,1940,71933
Japan,1941,71600
Japan,1942,72300
Japan,1943,73300
Japan,1944,73800
Japan,1945,71998.1
Japan,1946,75750
Japan,1947,78101
Japan,1948,80101
Japan,1949,81780
Japan,1950,83199.6
Japan,1951,84541
Japan,1952,85808
Japan,1953,86981
Japan,1954,88239
Japan,1955,89275.5
Japan,1956,90172
Japan,1957,90928
Japan,1958,91967
Japan,1959,92641
Japan,1960,93418.5
Japan,1961,94287
Japan,1962,95181
Japan,1963,96156
Japan,1964,97182
Japan,1965,98275
Japan,1966,99054
Japan,1967,100243
Japan,1968,101408
Japan,1969,102648
Japan,1970,103720.1
Japan,1971,105959
Japan,1972,107188
Japan,1973,108079
Japan,1974,110162
Japan,1975,111939.6
Japan,1976,112771
Japan,1977,113863
Japan,1978,114898
Japan,1979,116000
Japan,1980,117060.4
Japan,1981,117884
Japan,1982,118600
Japan,1983,119483
Japan,1984,120018
Japan,1985,120579
Japan,1986,121492
Japan,1987,122175
Japan,1988,122697
Japan,1989,123201
Japan,1990,123537
Japan,1991,123921
Japan,1992,124324
Japan,1993,124670
Japan,1994,124815
Japan,1995,125568.5
Japan,1996,125864
Japan,1997,126166
Japan,1998,126486
Japan,1999,126686
Japan,2000,126925.8
Japan,2001,127291
Japan,2005,127708
Japan,2010,127473
Japan,2015,126266
Japan,2020,124107
Japan,2025,121136
Japan,2030,117580
Japan,2050,100593
Lithuania,1840,783.2
Lithuania,1846,863.7
Lithuania,1851,787.6
Lithuania,1858,876
Lithuania,1863,900
Lithuania,1867,973.6
Lithuania,1871,1001.9
Lithuania,1881,1189.1
Lithuania,1885,1272.9
Lithuania,1891,1361.9
Lithuania,1897,1591.2
Lithuania,1907,1832.9
Lithuania,1910,1957
Lithuania,1913,2028
Lithuania,1914,2076
Lithuania,1915,2083.2
Lithuania,1923,2029
Lithuania,1938,2575.4
Lithuania,1939,3037.1
Lithuania,1940,2885.1
Lithuania,1941,2925
Lithuania,1942,2699
Lithuania,1943,2682
Lithuania,1944,2665
Lithuania,1945,2649
Lithuania,1946,2632
Lithuania,1947,2616
Lithuania,1948,2599
Lithuania,1949,2583
Lithuania,1950,2573.4
Lithuania,1951,2569
Lithuania,1952,2576
Lithuania,1953,2590
Lithuania,1954,2607
Lithuania,1955,2629
Lithuania,1956,2653
Lithuania,1957,2681
Lithuania,1958,2711
Lithuania,1959,2696.7
Lithuania,1960,2755.6
Lithuania,1961,2801.5
Lithuania,1962,2854
Lithuania,1963,2894
Lithuania,1964,2908
Lithuania,1965,2953.6
Lithuania,1966,2989.3
Lithuania,1967,3026
Lithuania,1968,3079
Lithuania,1969,3103
Lithuania,1970,3118.9
Lithuania,1971,3167
Lithuania,1972,3202
Lithuania,1973,3233
Lithuania,1974,3280
Lithuania,1975,3295
Lithuania,1976,3321.3
Lithuania,1977,3356
Lithuania,1978,3377
Lithuania,1979,3391.5
Lithuania,1980,3411.6
Lithuania,1981,3430.4
Lithuania,1982,3452.8
Lithuania,1983,3480.6
Lithuania,1984,3510.5
Lithuania,1985,3540.3
Lithuania,1986,3572.8
Lithuania,1987,3610.7
Lithuania,1988,3649.4
Lithuania,1989,3674.8
Lithuania,1990,3708.2
Lithuania,1991,3736.5
Lithuania,1992,3746.9
Lithuania,1993,3736.5
Lithuania,1994,3724
Lithuania,1995,3717.7
Lithuania,1996,3711.9
Lithuania,1997,3707.2
Lithuania,1998,3704
Lithuania,1999,3700.8
Lithuania,2000,3698.5
Lithuania,2001,3484
Lithuania,2002,3475.6
Lithuania,2003,3462.6
Lithuania,2005,3424
Lithuania,2010,3380
Lithuania,2015,3231
Lithuania,2020,3173
Lithuania,2025,3010
Lithuania,2030,3038
Lithuania,2050,3063
Luxembourg,1821,134.1
Luxembourg,1839,175.2
Luxembourg,1843,180
Luxembourg,1846,186.1
Luxembourg,1847,186.1
Luxembourg,1849,189.8
Luxembourg,1851,194.7
Luxembourg,1855,189.4
Luxembourg,1861,197.7
Luxembourg,1864,202.9
Luxembourg,1865,203.7
Luxembourg,1871,204
Luxembourg,1875,204.6
Luxembourg,1880,210.5
Luxembourg,1881,209.6
Luxembourg,1885,214.6
Luxembourg,1886,213.3
Luxembourg,1890,211.5
Luxembourg,1895,217.7
Luxembourg,1896,217.6
Luxembourg,1900,234.7
Luxembourg,1901,236.5
Luxembourg,1902,240
Luxembourg,1903,242
Luxembourg,1904,244
Luxembourg,1905,245.9
Luxembourg,1906,246.5
Luxembourg,1907,252
Luxembourg,1908,255
Luxembourg,1909,258
Luxembourg,1910,259
Luxembourg,1911,259.9
Luxembourg,1912,261
Luxembourg,1913,263
Luxembourg,1914,265.8
Luxembourg,1915,264
Luxembourg,1916,263.5
Luxembourg,1917,263.8
Luxembourg,1918,264
Luxembourg,1919,264
Luxembourg,1920,263
Luxembourg,1921,262
Luxembourg,1922,261.6
Luxembourg,1923,264.7
Luxembourg,1924,267.1
Luxembourg,1925,268.9
Luxembourg,1926,271.2
Luxembourg,1927,284.7
Luxembourg,1928,286
Luxembourg,1929,295
Luxembourg,1930,299.8
Luxembourg,1931,300
Luxembourg,1932,301
Luxembourg,1933,301.5
Luxembourg,1934,299
Luxembourg,1935,296.9
Luxembourg,1936,298
Luxembourg,1937,299
Luxembourg,1938,301.4
Luxembourg,1939,295
Luxembourg,1940,284
Luxembourg,1941,290.2
Luxembourg,1942,290
Luxembourg,1943,290
Luxembourg,1944,290
Luxembourg,1945,290
Luxembourg,1946,290
Luxembourg,1947,291
Luxembourg,1948,292
Luxembourg,1949,294
Luxembourg,1950,296
Luxembourg,1951,297
Luxembourg,1952,299
Luxembourg,1953,301
Luxembourg,1954,303
Luxembourg,1955,305
Luxembourg,1956,307
Luxembourg,1957,308
Luxembourg,1958,310
Luxembourg,1959,312
Luxembourg,1960,314.9
Luxembourg,1961,317
Luxembourg,1962,321
Luxembourg,1963,324
Luxembourg,1964,328
Luxembourg,1965,333
Luxembourg,1966,334.8
Luxembourg,1967,335
Luxembourg,1968,336
Luxembourg,1969,338
Luxembourg,1970,339.8
Luxembourg,1971,345
Luxembourg,1972,348
Luxembourg,1973,353
Luxembourg,1974,357.4
Luxembourg,1975,360.5
Luxembourg,1976,360.9
Luxembourg,1977,361.7
Luxembourg,1978,362.3
Luxembourg,1979,363.5
Luxembourg,1980,364.9
Luxembourg,1981,364.6
Luxembourg,1982,365.5
Luxembourg,1983,365.6
Luxembourg,1984,366.2
Luxembourg,1985,367.2
Luxembourg,1986,369.5
Luxembourg,1987,371.7
Luxembourg,1988,375.8
Luxembourg,1989,379.3
Luxembourg,1990,384.4
Luxembourg,1991,384.6
Luxembourg,1992,395.2
Luxembourg,1993,400.9
Luxembourg,1994,406.6
Luxembourg,1995,412.8
Luxembourg,1996,418.3
Luxembourg,1997,423.7
Luxembourg,1998,429.2
Luxembourg,1999,435.7
Luxembourg,2000,437.4
Luxembourg,2001,439.5
Luxembourg,2005,421
Luxembourg,2010,422
Luxembourg,2015,422
Luxembourg,2020,422
Luxembourg,2025,420
Luxembourg,2030,418
Luxembourg,2050,360
Mexico,1803,5765
Mexico,1820,6204
Mexico,1830,6382
Mexico,1831,6436.9
Mexico,1838,7044
Mexico,1841,6744
Mexico,1849,6868.7
Mexico,1850,7485.2
Mexico,1854,7859.6
Mexico,1855,7853
Mexico,1857,8137.9
Mexico,1862,8295.6
Mexico,1863,8816
Mexico,1868,8743.6
Mexico,1870,9173.1
Mexico,1872,9276.1
Mexico,1879,9686.8
Mexico,1880,9908
Mexico,1881,10001.9
Mexico,1889,11345.2
Mexico,1890,11642.7
Mexico,1891,11885.6
Mexico,1892,12056
Mexico,1893,12257
Mexico,1894,12443
Mexico,1895,12632
Mexico,1896,12822
Mexico,1897,13014
Mexico,1898,13209
Mexico,1899,13406
Mexico,1900,13607
Mexico,1901,13755
Mexico,1902,13905
Mexico,1903,14056
Mexico,1904,14209
Mexico,1905,14363
Mexico,1906,14519
Mexico,1907,14677
Mexico,1908,14837
Mexico,1909,14998
Mexico,1910,15160
Mexico,1911,15083
Mexico,1912,15007
Mexico,1913,14931
Mexico,1914,14855
Mexico,1915,14780
Mexico,1916,14705
Mexico,1917,14630
Mexico,1918,14556
Mexico,1919,14482
Mexico,1920,14409
Mexico,1921,14335
Mexico,1922,14566
Mexico,1923,14801
Mexico,1924,15040
Mexico,1925,15282
Mexico,1926,15528
Mexico,1927,15778
Mexico,1928,16032
Mexico,1929,16290
Mexico,1930,16553
Mexico,1931,16840
Mexico,1932,17132
Mexico,1933,17429
Mexico,1934,17731
Mexico,1935,18038
Mexico,1936,18350
Mexico,1937,18668
Mexico,1938,18991
Mexico,1939,19320
Mexico,1940,19815
Mexico,1941,20332
Mexico,1942,20866
Mexico,1943,21418
Mexico,1944,21988
Mexico,1945,22576
Mexico,1946,23183
Mexico,1947,23811
Mexico,1948,24461
Mexico,1949,25132
Mexico,1950,26282
Mexico,1951,27039
Mexico,1952,27846
Mexico,1953,28701
Mexico,1954,29605
Mexico,1955,30557
Mexico,1956,31557
Mexico,1957,32607
Mexico,1958,33704
Mexico,1959,34851
Mexico,1960,34994
Mexico,1961,36158
Mexico,1962,37367
Mexico,1963,38623
Mexico,1964,39928
Mexico,1965,41284
Mexico,1966,42694
Mexico,1967,44161
Mexico,1968,45686
Mexico,1969,47274
Mexico,1970,50695
Mexico,1971,52452
Mexico,1972,54273
Mexico,1973,56161
Mexico,1974,58118
Mexico,1975,60145
Mexico,1976,61979
Mexico,1977,63813
Mexico,1978,65658
Mexico,1979,67517
Mexico,1980,69655
Mexico,1981,71305
Mexico,1982,72968
Mexico,1983,74633
Mexico,1984,76293
Mexico,1985,77938
Mexico,1986,77567
Mexico,1987,81199
Mexico,1988,82721
Mexico,1989,84272
Mexico,1990,81249.6
Mexico,1991,87836
Mexico,1992,89538
Mexico,1993,91261
Mexico,1994,91858
Mexico,1995,91158.3
Mexico,1996,93182
Mexico,1997,93716.3
Mexico,1998,95846
Mexico,1999,96586
Mexico,2000,100349.8
Mexico,2005,106719
Mexico,2010,114020
Mexico,2015,121174
Mexico,2020,128455
Mexico,2025,135610
Mexico,2030,142334
Netherlands,1700,1794
Netherlands,1710,1812
Netherlands,1720,1830
Netherlands,1730,1848
Netherlands,1740,1867
Netherlands,1750,1886
Netherlands,1760,1905
Netherlands,1770,1924
Netherlands,1780,1943
Netherlands,1790,1963
Netherlands,1795,1880.5
Netherlands,1800,1982
Netherlands,1804,2155
Netherlands,1805,2165
Netherlands,1806,2178
Netherlands,1807,2192
Netherlands,1808,2196
Netherlands,1809,2191
Netherlands,1810,2194
Netherlands,1811,2201
Netherlands,1812,2208
Netherlands,1813,2215
Netherlands,1814,2228
Netherlands,1815,2233
Netherlands,1816,2263
Netherlands,1817,2291
Netherlands,1818,2306
Netherlands,1819,2328
Netherlands,1820,2354
Netherlands,1821,2378
Netherlands,1822,2411
Netherlands,1823,2442
Netherlands,1824,2475
Netherlands,1825,2515
Netherlands,1826,2550
Netherlands,1827,2566
Netherlands,1828,2580
Netherlands,1829,2608
Netherlands,1830,2626
Netherlands,1831,2721
Netherlands,1832,2813
Netherlands,1833,2899
Netherlands,1834,2996
Netherlands,1835,3092
Netherlands,1836,3191
Netherlands,1837,3292
Netherlands,1838,3394
Netherlands,1839,3500
Netherlands,1840,2874
Netherlands,1841,2908
Netherlands,1842,2944
Netherlands,1843,2970
Netherlands,1844,3002
Netherlands,1845,3034
Netherlands,1846,3068
Netherlands,1847,3078
Netherlands,1848,3071
Netherlands,1849,3074
Netherlands,1850,3084
Netherlands,1851,3118
Netherlands,1852,3153
Netherlands,1853,3186
Netherlands,1854,3209
Netherlands,1855,3233
Netherlands,1856,3243
Netherlands,1857,3269
Netherlands,1858,3291
Netherlands,1859,3303
Netherlands,1860,3312
Netherlands,1861,3329
Netherlands,1862,3356
Netherlands,1863,3382
Netherlands,1864,3418
Netherlands,1865,3448
Netherlands,1866,3478
Netherlands,1867,3495
Netherlands,1868,3530
Netherlands,1869,3560
Netherlands,1870,3595
Netherlands,1871,3629
Netherlands,1872,3648
Netherlands,1873,3682
Netherlands,1874,3724
Netherlands,1875,3772
Netherlands,1876,3811
Netherlands,1877,3860
Netherlands,1878,3913
Netherlands,1879,3962
Netherlands,1880,4016
Netherlands,1881,4058
Netherlands,1882,4107
Netherlands,1883,4161
Netherlands,1884,4207
Netherlands,1885,4254
Netherlands,1886,4305
Netherlands,1887,4354
Netherlands,1888,4409
Netherlands,1889,4463
Netherlands,1890,4515
Netherlands,1891,4563
Netherlands,1892,4615
Netherlands,1893,4658
Netherlands,1894,4718
Netherlands,1895,4776
Netherlands,1896,4836
Netherlands,1897,4904
Netherlands,1898,4973
Netherlands,1899,5040
Netherlands,1900,5104.1
Netherlands,1901,5163
Netherlands,1902,5233
Netherlands,1903,5307
Netherlands,1904,5384
Netherlands,1905,5460
Netherlands,1906,5537
Netherlands,1907,5616
Netherlands,1908,5696
Netherlands,1909,5772
Netherlands,1910,5858.2
Netherlands,1911,5951
Netherlands,1912,6033
Netherlands,1913,6133
Netherlands,1914,6235
Netherlands,1915,6340
Netherlands,1916,6433
Netherlands,1917,6527
Netherlands,1918,6618
Netherlands,1919,6675
Netherlands,1920,6754
Netherlands,1921,6865.3
Netherlands,1922,6978
Netherlands,1923,7081
Netherlands,1924,7196
Netherlands,1925,7308
Netherlands,1926,7416
Netherlands,1927,7522
Netherlands,1928,7621
Netherlands,1929,7728
Netherlands,1930,7825
Netherlands,1931,7935.6
Netherlands,1932,8062
Netherlands,1933,8183
Netherlands,1934,8290
Netherlands,1935,8392
Netherlands,1936,8475
Netherlands,1937,8557
Netherlands,1938,8640
Netherlands,1939,8729
Netherlands,1940,8834
Netherlands,1941,8923
Netherlands,1942,9008
Netherlands,1943,9076
Netherlands,1944,9129
Netherlands,1945,9220
Netherlands,1946,9304.3
Netherlands,1947,9542.7
Netherlands,1948,9715.9
Netherlands,1949,9884.4
Netherlands,1950,10026.8
Netherlands,1951,10200.3
Netherlands,1952,10328.3
Netherlands,1953,10435.6
Netherlands,1954,10550.7
Netherlands,1955,10680
Netherlands,1956,10821.7
Netherlands,1957,10957
Netherlands,1958,11095.7
Netherlands,1959,11278
Netherlands,1960,11417.3
Netherlands,1961,11556
Netherlands,1962,11721.4
Netherlands,1963,11890
Netherlands,1964,12042
Netherlands,1965,12212.3
Netherlands,1966,12377.2
Netherlands,1967,12535.3
Netherlands,1968,12661.1
Netherlands,1969,12798.3
Netherlands,1970,12957.6
Netherlands,1971,13119.4
Netherlands,1972,13269.6
Netherlands,1973,13387.6
Netherlands,1974,13491
Netherlands,1975,13599.1
Netherlands,1976,13733.6
Netherlands,1977,13814.5
Netherlands,1978,13897.8
Netherlands,1979,13985.5
Netherlands,1980,14091
Netherlands,1981,14208.6
Netherlands,1982,14285.8
Netherlands,1983,14339.6
Netherlands,1984,14394.6
Netherlands,1985,14453.8
Netherlands,1986,14529.4
Netherlands,1987,14615.1
Netherlands,1988,14714.9
Netherlands,1989,14805.2
Netherlands,1990,14892.3
Netherlands,1991,15010.4
Netherlands,1992,15128.8
Netherlands,1993,15239.1
Netherlands,1994,15341.3
Netherlands,1995,15424.1
Netherlands,1996,15493.9
Netherlands,1997,15567.1
Netherlands,1998,15654.2
Netherlands,1999,15760.2
Netherlands,2000,15864
Netherlands,2001,16000
Netherlands,2002,16192.8
Netherlands,2003,16225
Netherlands,2010,16611
Netherlands,2020,16068.8
Netherlands,2025,15852
Netherlands,2030,14388.9
Netherlands,2050,12974
New Zealand,1850,131.9
New Zealand,1851,133.9
New Zealand,1856,148.2
New Zealand,1858,115.5
New Zealand,1861,155.1
New Zealand,1864,172.2
New Zealand,1867,218.5
New Zealand,1868,220
New Zealand,1870,238.3
New Zealand,1871,256.3
New Zealand,1873,279.6
New Zealand,1874,345
New Zealand,1875,299.5
New Zealand,1876,375.9
New Zealand,1878,458
New Zealand,1878,459.7
New Zealand,1881,534
New Zealand,1882,545
New Zealand,1883,561.8
New Zealand,1884,584.9
New Zealand,1885,613.9
New Zealand,1886,620.5
New Zealand,1888,647.3
New Zealand,1889,653.7
New Zealand,1891,668.7
New Zealand,1893,703.3
New Zealand,1895,734.4
New Zealand,1896,743.2
New Zealand,1898,776.1
New Zealand,1900,802.2
New Zealand,1901,815.9
New Zealand,1902,840.9
New Zealand,1903,863.4
New Zealand,1904,888.2
New Zealand,1905,913.1
New Zealand,1906,936.3
New Zealand,1907,966.8
New Zealand,1908,992.8
New Zealand,1909,1019.5
New Zealand,1910,1040.5
New Zealand,1911,1058.3
New Zealand,1912,1088.9
New Zealand,1913,1118.5
New Zealand,1914,1140.2
New Zealand,1915,1149.2
New Zealand,1916,1149.2
New Zealand,1917,1148.9
New Zealand,1918,1152.8
New Zealand,1919,1192.7
New Zealand,1920,1242.4
New Zealand,1921,1271.7
New Zealand,1922,1305.1
New Zealand,1923,1328.2
New Zealand,1924,1352.6
New Zealand,1925,1344.4
New Zealand,1926,1408.1
New Zealand,1927,1439
New Zealand,1928,1456
New Zealand,1929,1473
New Zealand,1930,1493
New Zealand,1931,1514.2
New Zealand,1932,1527
New Zealand,1933,1540
New Zealand,1934,1552
New Zealand,1935,1562
New Zealand,1936,1573.8
New Zealand,1937,1590
New Zealand,1938,1604.5
New Zealand,1939,1628.5
New Zealand,1940,1637.3
New Zealand,1941,1630.9
New Zealand,1942,1639.5
New Zealand,1943,1635.6
New Zealand,1944,1655.8
New Zealand,1945,1702.3
New Zealand,1946,1759.6
New Zealand,1947,1798.3
New Zealand,1948,1834.7
New Zealand,1949,1871.7
New Zealand,1950,1909.1
New Zealand,1951,1939.5
New Zealand,1952,1996.2
New Zealand,1953,2048.8
New Zealand,1954,2094.9
New Zealand,1955,2139
New Zealand,1956,2174.1
New Zealand,1957,2232.5
New Zealand,1958,2285.8
New Zealand,1959,2334.6
New Zealand,1960,2377
New Zealand,1961,2415
New Zealand,1962,2484.9
New Zealand,1963,2536.9
New Zealand,1964,2589.1
New Zealand,1965,2635.3
New Zealand,1966,2676.9
New Zealand,1967,2727.7
New Zealand,1968,2753.5
New Zealand,1969,2780.1
New Zealand,1970,2819.6
New Zealand,1971,2862.6
New Zealand,1972,2915.6
New Zealand,1973,2977.1
New Zealand,1974,3041.8
New Zealand,1975,3100.1
New Zealand,1976,3129.4
New Zealand,1977,3142.6
New Zealand,1978,3143.5
New Zealand,1979,3137.8
New Zealand,1980,3144
New Zealand,1981,3143.3
New Zealand,1982,3180.8
New Zealand,1983,3221.7
New Zealand,1984,3252.8
New Zealand,1985,3271.5
New Zealand,1986,3263.3
New Zealand,1987,3303.6
New Zealand,1988,3317
New Zealand,1989,3330.2
New Zealand,1990,3362.5
New Zealand,1991,3373.9
New Zealand,1992,3515
New Zealand,1993,3555.8
New Zealand,1994,3603.7
New Zealand,1995,3657.9
New Zealand,1996,3618.3
New Zealand,1997,3762.3
New Zealand,1998,3793.2
New Zealand,1999,3812.8
New Zealand,2000,3832.9
New Zealand,2001,3737.3
New Zealand,2002,3908
New Zealand,2005,3804
New Zealand,2010,3920
New Zealand,2015,4031
New Zealand,2020,4135
New Zealand,2025,4228
New Zealand,2030,4300
New Zealand,2050,4561
New Zealand,18501,26.7
Poland,1838,4344.4
Poland,1844,4769.8
Poland,1847,4857.7
Poland,1849,4781.4
Poland,1852,4812.6
Poland,1855,4797.8
Poland,1857,4789.4
Poland,1860,4840.5
Poland,1862,4972.2
Poland,1865,5319.4
Poland,1867,5705.6
Poland,1871,6026.4
Poland,1873,6225.6
Poland,1881,7140
Poland,1885,7960.3
Poland,1890,8256.6
Poland,1892,8900.4
Poland,1894,8982.3
Poland,1897,9402.3
Poland,1900,25106
Poland,1905,25548
Poland,1907,11138.7
Poland,1908,11360.9
Poland,1909,11671.8
Poland,1910,12467.3
Poland,1911,29240.9
Poland,1913,13397
Poland,1915,13335.4
Poland,1920,27075
Poland,1921,27176.7
Poland,1922,27634
Poland,1923,28098
Poland,1924,28571
Poland,1925,29051
Poland,1926,29249
Poland,1927,29589
Poland,1928,29900
Poland,1929,30300
Poland,1930,30900
Poland,1931,31500
Poland,1932,32107.3
Poland,1933,32600
Poland,1934,33000
Poland,1935,33418
Poland,1936,33820
Poland,1937,34221
Poland,1938,34786
Poland,1939,34775.7
Poland,1940,26916
Poland,1941,26393
Poland,1942,25881
Poland,1943,25379
Poland,1944,24886
Poland,1945,24404
Poland,1946,23930
Poland,1947,24150
Poland,1948,23980
Poland,1949,24410
Poland,1950,24824
Poland,1951,25271
Poland,1952,25753
Poland,1953,26255
Poland,1954,26761
Poland,1955,27281
Poland,1956,27815
Poland,1957,28310
Poland,1958,28770
Poland,1959,29480
Poland,1960,29795
Poland,1961,29965
Poland,1962,30324
Poland,1963,30691
Poland,1964,31339
Poland,1965,31551
Poland,1966,31698
Poland,1967,31944
Poland,1968,32426
Poland,1969,32671
Poland,1970,32642
Poland,1971,32805
Poland,1972,33068
Poland,1973,33363
Poland,1974,33846
Poland,1975,34184
Poland,1976,34362
Poland,1977,34698
Poland,1978,35061
Poland,1979,35414
Poland,1980,35734.9
Poland,1981,36062.3
Poland,1982,36398.7
Poland,1983,36744.9
Poland,1984,37063.3
Poland,1985,37340.5
Poland,1986,37571.8
Poland,1987,37764.3
Poland,1988,37879
Poland,1989,38038.4
Poland,1990,38183.2
Poland,1991,38309.2
Poland,1992,38418.1
Poland,1993,38504.7
Poland,1994,38341
Poland,1995,38492
Poland,1996,38618
Poland,1997,38650
Poland,1998,38666
Poland,1999,38654
Poland,2000,38646
Poland,2001,38634
Poland,2005,39554
Poland,2010,40208
Poland,2015,40801
Poland,2020,41272
Poland,2025,41657
Poland,2030,42024
Poland,2050,36465
Portugal,1527,1100
Portugal,1732,2140
Portugal,1750,2367
Portugal,1801,2970
Portugal,1806,2955
Portugal,1811,2979
Portugal,1821,3026
Portugal,1826,3039
Portugal,1831,3052
Portugal,1835,3062
Portugal,1838,3224
Portugal,1841,3412.5
Portugal,1845,3529
Portugal,1850,3471.2
Portugal,1854,3499.1
Portugal,1858,3584.7
Portugal,1862,3693.4
Portugal,1864,4340
Portugal,1864,3829.6
Portugal,1868,3995.2
Portugal,1872,4011.9
Portugal,1878,4750
Portugal,1878,4160.3
Portugal,1881,4306.6
Portugal,1885,4453.5
Portugal,1890,5050
Portugal,1890,4660.1
Portugal,1890,5060
Portugal,1895,5238
Portugal,1900,5016.3
Portugal,1900,5450
Portugal,1901,5470
Portugal,1902,5517
Portugal,1903,5564
Portugal,1904,5612
Portugal,1905,5660
Portugal,1906,5709
Portugal,1907,5758
Portugal,1908,5807
Portugal,1909,5857
Portugal,1910,5907
Portugal,1911,5957
Portugal,1912,5964.1
Portugal,1913,6017
Portugal,1914,6069.9
Portugal,1915,6122.8
Portugal,1916,6175.6
Portugal,1917,6228.5
Portugal,1918,6281.4
Portugal,1919,6334.3
Portugal,1920,6033
Portugal,1921,6492.9
Portugal,1922,6228
Portugal,1923,6540
Portugal,1924,6372
Portugal,1925,6446
Portugal,1926,6520
Portugal,1927,6595
Portugal,1928,6671
Portugal,1929,6748
Portugal,1930,6826
Portugal,1931,6911
Portugal,1932,6996
Portugal,1933,7083
Portugal,1934,7171
Portugal,1935,7260
Portugal,1936,7350
Portugal,1937,7442
Portugal,1938,7534
Portugal,1939,7627
Portugal,1940,7760
Portugal,1941,7788
Portugal,1942,7854
Portugal,1943,7921
Portugal,1944,7988
Portugal,1945,8056
Portugal,1946,8125
Portugal,1947,8194
Portugal,1948,8264
Portugal,1949,8334
Portugal,1950,8510
Portugal,1951,8459
Portugal,1952,8496
Portugal,1953,8534
Portugal,1954,8570
Portugal,1955,8610
Portugal,1956,8647
Portugal,1957,8680
Portugal,1958,8725
Portugal,1959,8996.7
Portugal,1960,8889.4
Portugal,1961,8894
Portugal,1962,8971
Portugal,1963,9037
Portugal,1964,8883.1
Portugal,1965,8853.1
Portugal,1966,9109
Portugal,1967,9103
Portugal,1968,9115
Portugal,1969,8740.6
Portugal,1970,8663.3
Portugal,1971,8990
Portugal,1972,8970
Portugal,1973,8976
Portugal,1974,8754.3
Portugal,1975,9093.4
Portugal,1976,9355.3
Portugal,1977,9455.1
Portugal,1978,9558.2
Portugal,1979,9661.3
Portugal,1980,9766.3
Portugal,1981,9885.3
Portugal,1982,9911.5
Portugal,1983,9954.5
Portugal,1984,9989.2
Portugal,1985,10011.4
Portugal,1986,10010.7
Portugal,1987,9994.2
Portugal,1988,9968.2
Portugal,1989,9937.4
Portugal,1990,9862.5
Portugal,1991,9966.8
Portugal,1992,9962.7
Portugal,1993,9973.8
Portugal,1994,9997.8
Portugal,1995,10027.1
Portugal,1996,10055.6
Portugal,1997,10088.8
Portugal,1998,10129
Portugal,1999,10174.2
Portugal,2000,10230.6
Portugal,2001,10355.8
Portugal,2005,9861
Portugal,2010,9861
Portugal,2015,9855
Portugal,2020,9839
Portugal,2025,9819
Portugal,2030,9792
Portugal,2050,7256
Slovakia,1869,2481.8
Slovakia,1880,2477.5
Slovakia,1890,2595.2
Slovakia,1900,2782.9
Slovakia,1910,2916.7
Slovakia,1919,2940.4
Slovakia,1921,2993.9
Slovakia,1922,3046.1
Slovakia,1923,3094.7
Slovakia,1924,3135.2
Slovakia,1925,3167.6
Slovakia,1926,3201.5
Slovakia,1927,3231.7
Slovakia,1928,3258.1
Slovakia,1929,3285.8
Slovakia,1930,3324.1
Slovakia,1931,3350.2
Slovakia,1932,3388.3
Slovakia,1933,3424.4
Slovakia,1934,3455.9
Slovakia,1935,3486
Slovakia,1936,3514.5
Slovakia,1937,3540.2
Slovakia,1938,3725.6
Slovakia,1939,3577
Slovakia,1940,3553.5
Slovakia,1941,3541.6
Slovakia,1942,3523
Slovakia,1943,3503.2
Slovakia,1944,3483.7
Slovakia,1945,3459.1
Slovakia,1946,3327.8
Slovakia,1947,3398.7
Slovakia,1948,3445.9
Slovakia,1949,3446.8
Slovakia,1950,3442.3
Slovakia,1951,3508.7
Slovakia,1952,3558.1
Slovakia,1953,3598.8
Slovakia,1954,3661.4
Slovakia,1955,3726.6
Slovakia,1956,3787.1
Slovakia,1957,3844.3
Slovakia,1958,3899.8
Slovakia,1959,3946
Slovakia,1960,3994.3
Slovakia,1961,4174
Slovakia,1962,4238.1
Slovakia,1963,4282.9
Slovakia,1964,4327.9
Slovakia,1965,4373.6
Slovakia,1966,4413.9
Slovakia,1967,4450.9
Slovakia,1968,4483.7
Slovakia,1969,4518.8
Slovakia,1970,4537.3
Slovakia,1971,4559.3
Slovakia,1972,4596.3
Slovakia,1973,4640.7
Slovakia,1974,4691
Slovakia,1975,4739.3
Slovakia,1976,4789.5
Slovakia,1977,4840.8
Slovakia,1978,4891.7
Slovakia,1979,4940.2
Slovakia,1980,4991.2
Slovakia,1981,5017
Slovakia,1982,5054.8
Slovakia,1983,5091.5
Slovakia,1984,5127.7
Slovakia,1985,5161.8
Slovakia,1986,5192.8
Slovakia,1987,5223.6
Slovakia,1988,5251.1
Slovakia,1989,5276.2
Slovakia,1990,5297.8
Slovakia,1991,5274.3
Slovakia,1992,5306.5
Slovakia,1993,5324.6
Slovakia,1994,5347.4
Slovakia,1995,5363.7
Slovakia,1996,5373.8
Slovakia,1997,5383.2
Slovakia,1998,5390.9
Slovakia,1999,5395.3
Slovakia,2000,5400.7
Slovakia,2001,5379.5
Slovakia,2005,5705
Slovakia,2010,5851
Slovakia,2015,5985
Slovakia,2020,6103
Slovakia,2025,6210
Slovakia,2030,6306
Slovakia,2050,5215
Slovenia,1857,1101.9
Slovenia,1869,1128.8
Slovenia,1880,1182.2
Slovenia,1890,1234.1
Slovenia,1900,1268.1
Slovenia,1901,1022
Slovenia,1902,1038
Slovenia,1903,1054
Slovenia,1904,1070
Slovenia,1905,1086
Slovenia,1906,1102
Slovenia,1907,1119
Slovenia,1908,1136
Slovenia,1909,1153
Slovenia,1910,1321.1
Slovenia,1911,1188
Slovenia,1912,1206
Slovenia,1913,1225
Slovenia,1914,1206
Slovenia,1915,1187
Slovenia,1916,1168
Slovenia,1917,1150
Slovenia,1918,1132
Slovenia,1919,1115
Slovenia,1920,1097
Slovenia,1921,1054.9
Slovenia,1922,1096
Slovenia,1923,1113
Slovenia,1924,1130
Slovenia,1925,1147
Slovenia,1926,1165
Slovenia,1927,1182
Slovenia,1928,1200
Slovenia,1929,1218
Slovenia,1930,1237
Slovenia,1931,1144.3
Slovenia,1932,1265
Slovenia,1933,1274
Slovenia,1934,1283
Slovenia,1935,1293
Slovenia,1936,1302
Slovenia,1937,1312
Slovenia,1938,1321
Slovenia,1939,1331
Slovenia,1940,1341
Slovenia,1941,1351
Slovenia,1942,1361
Slovenia,1943,1370
Slovenia,1944,1381
Slovenia,1945,1391
Slovenia,1946,1401
Slovenia,1947,1411
Slovenia,1948,1391.9
Slovenia,1949,1447
Slovenia,1950,1473
Slovenia,1951,1485
Slovenia,1952,1498
Slovenia,1953,1466.4
Slovenia,1954,1522
Slovenia,1955,1533
Slovenia,1956,1543
Slovenia,1957,1552
Slovenia,1958,1561
Slovenia,1959,1570
Slovenia,1960,1588.9
Slovenia,1961,1591.5
Slovenia,1962,1601
Slovenia,1963,1611
Slovenia,1964,1638.2
Slovenia,1965,1660.1
Slovenia,1966,1670
Slovenia,1967,1681
Slovenia,1968,1694
Slovenia,1969,1719.9
Slovenia,1970,1731.8
Slovenia,1971,1727.1
Slovenia,1972,1760
Slovenia,1973,1779
Slovenia,1974,1790.2
Slovenia,1975,1808.7
Slovenia,1976,1816
Slovenia,1977,1832
Slovenia,1978,1855
Slovenia,1979,1893.1
Slovenia,1980,1909.6
Slovenia,1981,1891.9
Slovenia,1982,1929.3
Slovenia,1983,1937.6
Slovenia,1984,1948.6
Slovenia,1985,1975.3
Slovenia,1986,1985.5
Slovenia,1987,1994.1
Slovenia,1988,1996.3
Slovenia,1989,1996.4
Slovenia,1990,1999.9
Slovenia,1991,1966
Slovenia,1992,1994.2
Slovenia,1993,1989.4
Slovenia,1994,1995
Slovenia,1995,1989.5
Slovenia,1996,1958.7
Slovenia,1997,1986
Slovenia,1998,1982
Slovenia,1999,1986
Slovenia,2000,1927.6
Slovenia,2001,1930.1
Slovenia,2002,1948.3
Slovenia,2005,2027
Slovenia,2010,2034
Slovenia,2015,2033
Slovenia,2020,2025
Slovenia,2025,2012
Slovenia,2030,1995
Slovenia,2050,1484
South Korea,1900,12487
South Korea,1901,12550
South Korea,1902,12613
South Korea,1903,12676
South Korea,1904,12740
South Korea,1905,12804
South Korea,1906,12868
South Korea,1907,12933
South Korea,1908,12998
South Korea,1909,13063
South Korea,1910,13129
South Korea,1911,13832
South Korea,1912,14576
South Korea,1913,15170
South Korea,1914,15621
South Korea,1915,15958
South Korea,1916,16309
South Korea,1917,16617
South Korea,1918,16697
South Korea,1919,16784
South Korea,1920,16850
South Korea,1921,17059
South Korea,1922,17208
South Korea,1923,17447
South Korea,1924,17619
South Korea,1925,18081
South Korea,1926,18615
South Korea,1927,18631
South Korea,1928,18667
South Korea,1929,18784
South Korea,1930,19235
South Korea,1931,19710
South Korea,1932,20037
South Korea,1933,20206
South Korea,1934,20513
South Korea,1935,20881
South Korea,1936,21374
South Korea,1937,21683
South Korea,1938,21951
South Korea,1939,22098
South Korea,1940,22955
South Korea,1941,23913
South Korea,1942,25525
South Korea,1943,25827
South Korea,1944,25120
South Korea,1945,22245
South Korea,1946,19369.3
South Korea,1947,19886
South Korea,1948,20027
South Korea,1949,20208
South Korea,1950,20356
South Korea,1951,20370
South Korea,1952,20480
South Korea,1953,20670
South Korea,1954,21000
South Korea,1955,21424
South Korea,1956,20724
South Korea,1957,21321
South Korea,1958,21910
South Korea,1959,22974
South Korea,1960,24989
South Korea,1961,25766
South Korea,1962,26513
South Korea,1963,27262
South Korea,1964,27984
South Korea,1965,28705
South Korea,1966,29160
South Korea,1967,30131
South Korea,1968,30838
South Korea,1969,31544
South Korea,1970,31466
South Korea,1971,32883
South Korea,1972,33505
South Korea,1973,34103
South Korea,1974,34692
South Korea,1975,34707
South Korea,1976,35849
South Korea,1977,36412
South Korea,1978,36969
South Korea,1979,37534
South Korea,1980,37436
South Korea,1981,38723
South Korea,1982,39326
South Korea,1983,39910
South Korea,1984,40406
South Korea,1985,40448
South Korea,1986,41214
South Korea,1987,41622
South Korea,1988,42031
South Korea,1989,42449
South Korea,1990,43411
South Korea,1991,43296
South Korea,1992,43748
South Korea,1993,44195
South Korea,1994,44642
South Korea,1995,44609
South Korea,1996,45525
South Korea,1997,45954
South Korea,1998,46287
South Korea,1999,46617
South Korea,2000,45985.3
South Korea,2001,47343
South Korea,2005,48397
South Korea,2010,49872
South Korea,2015,51073
South Korea,2020,52072
South Korea,2025,52946
South Korea,2030,53679
South Korea,2050,52625
Spain,1769,9160
Spain,1787,10268
Spain,1789,10061.5
Spain,1797,10541
Spain,1810,11500
Spain,1828,13698
Spain,1838,12386.8
Spain,1846,12168.8
Spain,1849,14216.2
Spain,1857,15495.2
Spain,1860,15655.5
Spain,1864,16325.4
Spain,1867,16701.2
Spain,1870,16835.4
Spain,1877,16631.9
Spain,1884,17032.4
Spain,1885,17266.1
Spain,1887,17560.6
Spain,1897,18065.6
Spain,1900,18594
Spain,1901,18618.1
Spain,1902,18723
Spain,1903,18736.9
Spain,1904,18984
Spain,1905,19116
Spain,1906,19249
Spain,1907,19383
Spain,1908,19565.9
Spain,1909,19712.6
Spain,1910,19927.2
Spain,1911,20090.6
Spain,1912,20231.2
Spain,1913,20372.7
Spain,1914,20515.2
Spain,1915,20658.7
Spain,1916,20803.2
Spain,1917,20948.7
Spain,1918,21095.3
Spain,1919,21242.8
Spain,1920,21303.2
Spain,1921,21502.8
Spain,1922,21658.2
Spain,1923,21763.1
Spain,1924,21966.6
Spain,1925,22127.7
Spain,1926,22290.2
Spain,1927,22444.2
Spain,1928,23093
Spain,1929,23327
Spain,1930,23563.9
Spain,1931,23786
Spain,1932,24010
Spain,1933,24236
Spain,1934,24464
Spain,1935,24583.1
Spain,1936,24926
Spain,1937,25161
Spain,1938,25398
Spain,1939,25637
Spain,1940,25878
Spain,1941,26084
Spain,1942,26291
Spain,1943,26500
Spain,1944,26710
Spain,1945,26922
Spain,1946,27136
Spain,1947,27552.5
Spain,1948,27593
Spain,1949,27811
Spain,1950,28009
Spain,1951,28236
Spain,1952,28474
Spain,1953,28713
Spain,1954,28955
Spain,1955,29199
Spain,1956,29445
Spain,1957,29693
Spain,1958,29943
Spain,1959,30195
Spain,1960,30776.9
Spain,1961,31066
Spain,1962,31393
Spain,1963,31723
Spain,1964,32056
Spain,1965,32262.3
Spain,1966,32734
Spain,1967,33079
Spain,1968,33427
Spain,1969,33779
Spain,1970,34041.5
Spain,1971,34494
Spain,1972,34858
Spain,1973,35225
Spain,1974,35596
Spain,1975,35723.4
Spain,1976,35971
Spain,1977,36351
Spain,1978,36775
Spain,1979,37200
Spain,1980,37636.2
Spain,1981,37876.6
Spain,1982,38083.6
Spain,1983,38260.5
Spain,1984,38423
Spain,1985,38586.4
Spain,1986,38666.7
Spain,1987,38765.9
Spain,1988,38851.9
Spain,1989,38924.5
Spain,1990,38993.8
Spain,1991,39055.9
Spain,1992,39114.2
Spain,1993,39117
Spain,1994,39143.4
Spain,1995,39199
Spain,1996,39260
Spain,1997,39323
Spain,1998,39371
Spain,1999,39683
Spain,2000,39996.7
Spain,2001,40847.3
Spain,2005,39149
Spain,2010,39058
Spain,2015,38838
Spain,2020,38543
Spain,2025,38178
Spain,2030,37753
Spain,2050,29405
Sweden,1750,1780.7
Sweden,1760,1925.2
Sweden,1770,2042.6
Sweden,1780,2118.3
Sweden,1790,2187.7
Sweden,1800,2347.3
Sweden,1810,2377.9
Sweden,1815,2465.1
Sweden,1820,2584.7
Sweden,1825,2771.3
Sweden,1830,2888.1
Sweden,1835,3025.4
Sweden,1840,3138.9
Sweden,1844,3260
Sweden,1845,3316.5
Sweden,1850,3482.5
Sweden,1854,3590
Sweden,1855,3639.3
Sweden,1860,3859.7
Sweden,1863,4022.6
Sweden,1865,4114.1
Sweden,1870,4168.5
Sweden,1873,4298
Sweden,1876,4429.7
Sweden,1880,4565.7
Sweden,1883,4603.6
Sweden,1886,4717.2
Sweden,1890,4785
Sweden,1893,4824.2
Sweden,1896,4962.6
Sweden,1900,5136.4
Sweden,1901,5175.2
Sweden,1902,5198.8
Sweden,1903,5221.3
Sweden,1904,5260.8
Sweden,1905,5294.9
Sweden,1906,5337.1
Sweden,1907,5377.7
Sweden,1908,5429.6
Sweden,1909,5476.4
Sweden,1910,5522.4
Sweden,1911,5561.8
Sweden,1912,5604.2
Sweden,1913,5638.6
Sweden,1914,5679.6
Sweden,1915,5712.7
Sweden,1916,5757.6
Sweden,1917,5800.8
Sweden,1918,5813.9
Sweden,1919,5847
Sweden,1920,5904.5
Sweden,1921,5954.3
Sweden,1922,5987.5
Sweden,1923,6005.8
Sweden,1924,6036.1
Sweden,1925,6053.6
Sweden,1926,6074.4
Sweden,1927,6087.9
Sweden,1928,6100
Sweden,1929,6120.1
Sweden,1930,6142.2
Sweden,1931,6162.4
Sweden,1932,6190.4
Sweden,1933,6211.6
Sweden,1934,6233.1
Sweden,1935,6250.5
Sweden,1936,6266.9
Sweden,1937,6284.7
Sweden,1938,6310.2
Sweden,1939,6341.3
Sweden,1940,6371.4
Sweden,1941,6406.5
Sweden,1942,6458.2
Sweden,1943,6522.8
Sweden,1944,6560
Sweden,1945,6674
Sweden,1946,6763.7
Sweden,1947,6880
Sweden,1948,6925
Sweden,1949,6986
Sweden,1950,7041.8
Sweden,1951,7099
Sweden,1952,7151
Sweden,1953,7192
Sweden,1954,7235
Sweden,1955,7262
Sweden,1956,7316
Sweden,1957,7367
Sweden,1958,7415
Sweden,1959,7454
Sweden,1960,7498
Sweden,1961,7520
Sweden,1962,7581.1
Sweden,1963,7627.5
Sweden,1964,7695.2
Sweden,1965,7772.5
Sweden,1966,7843.1
Sweden,1967,7892.8
Sweden,1968,7935
Sweden,1969,8004.4
Sweden,1970,8081.2
Sweden,1971,8115.4
Sweden,1972,8129.2
Sweden,1973,8144.4
Sweden,1974,8176.7
Sweden,1975,8208.4
Sweden,1976,8236.2
Sweden,1977,8267.1
Sweden,1978,8284.4
Sweden,1979,8303
Sweden,1980,8317.9
Sweden,1981,8323
Sweden,1982,8327.5
Sweden,1983,8330.6
Sweden,1984,8342.6
Sweden,1985,8358.1
Sweden,1986,8381.5
Sweden,1987,8414.1
Sweden,1988,8458.9
Sweden,1989,8527
Sweden,1990,8590.6
Sweden,1991,8644.1
Sweden,1992,8692
Sweden,1993,8745.1
Sweden,1994,8778
Sweden,1995,8830
Sweden,1996,8843
Sweden,1997,8849
Sweden,1998,8852
Sweden,1999,8857
Sweden,2000,8873.1
Sweden,2001,8875.1
Sweden,2005,9039
Sweden,2010,9117
Sweden,2015,9198
Sweden,2020,9287
Sweden,2025,9362
Sweden,2030,9397
Sweden,2050,8052
Switzerland,1815,1558
Switzerland,1825,1835.7
Switzerland,1838,2188
Switzerland,1841,2251
Switzerland,1844,2297
Switzerland,1847,2345
Switzerland,1850,2392.7
Switzerland,1854,2438
Switzerland,1857,2472
Switzerland,1861,2510.5
Switzerland,1871,2669.1
Switzerland,1876,2759.9
Switzerland,1877,2776
Switzerland,1878,2792.3
Switzerland,1879,2808.5
Switzerland,1887,2957.5
Switzerland,1888,2934.1
Switzerland,1889,2917.8
Switzerland,1894,2986.8
Switzerland,1898,3083
Switzerland,1899,3119.6
Switzerland,1900,3315.4
Switzerland,1901,3340
Switzerland,1902,3380
Switzerland,1903,3400
Switzerland,1904,3425.4
Switzerland,1905,3463.6
Switzerland,1906,3520
Switzerland,1907,3525.3
Switzerland,1908,3559.3
Switzerland,1909,3690
Switzerland,1910,3753.2
Switzerland,1911,3775.6
Switzerland,1912,3818.5
Switzerland,1913,3862.7
Switzerland,1914,3896.6
Switzerland,1915,3884
Switzerland,1916,3882.3
Switzerland,1917,3883.5
Switzerland,1918,3875.8
Switzerland,1919,3869.1
Switzerland,1920,3880.3
Switzerland,1921,3884.1
Switzerland,1922,3891.7
Switzerland,1923,3902
Switzerland,1924,3917.8
Switzerland,1925,3936.3
Switzerland,1926,3959
Switzerland,1927,3987
Switzerland,1928,3990
Switzerland,1929,4020
Switzerland,1930,4066.4
Switzerland,1931,4080
Switzerland,1932,4100
Switzerland,1933,4120
Switzerland,1934,4140
Switzerland,1935,4150
Switzerland,1936,4170
Switzerland,1937,4180
Switzerland,1938,4183.2
Switzerland,1939,4210
Switzerland,1940,4230
Switzerland,1941,4265.7
Switzerland,1942,4290
Switzerland,1943,4320
Switzerland,1944,4360
Switzerland,1945,4410
Switzerland,1946,4470
Switzerland,1947,4520
Switzerland,1948,4608
Switzerland,1949,4639
Switzerland,1950,4715
Switzerland,1951,4749
Switzerland,1952,4815
Switzerland,1953,4878
Switzerland,1954,4929
Switzerland,1955,4980
Switzerland,1956,5045
Switzerland,1957,5126
Switzerland,1958,5199
Switzerland,1959,5295.5
Switzerland,1960,5429.1
Switzerland,1962,5574
Switzerland,1963,5694
Switzerland,1964,5829.2
Switzerland,1965,5883.8
Switzerland,1966,5918
Switzerland,1967,5992
Switzerland,1968,6068
Switzerland,1969,6168.7
Switzerland,1970,6269.8
Switzerland,1971,6324
Switzerland,1972,6385
Switzerland,1973,6431
Switzerland,1974,6356.3
Switzerland,1975,6321
Switzerland,1976,6346
Switzerland,1977,6327
Switzerland,1978,6337
Switzerland,1979,6303.6
Switzerland,1980,6366
Switzerland,1981,6372.9
Switzerland,1982,6409.7
Switzerland,1983,6427.8
Switzerland,1984,6455.9
Switzerland,1985,6484.8
Switzerland,1986,6523.4
Switzerland,1987,6566.8
Switzerland,1988,6620
Switzerland,1989,6673.9
Switzerland,1990,6873.7
Switzerland,1991,6842.8
Switzerland,1992,6908
Switzerland,1993,6968.6
Switzerland,1994,7039
Switzerland,1995,7127
Switzerland,1996,7105.4
Switzerland,1997,7088
Switzerland,1998,7106
Switzerland,1999,7136
Switzerland,2000,7284.9
Switzerland,2001,7261
Switzerland,2005,7324
Switzerland,2010,7353
Switzerland,2015,7361
Switzerland,2020,7357
Switzerland,2025,7336
Switzerland,2030,7282
Switzerland,2050,5614
Turkey,1800,5604
Turkey,1805,5746
Turkey,1810,5892
Turkey,1815,6041
Turkey,1820,6194
Turkey,1825,6352
Turkey,1830,6513
Turkey,1835,6678
Turkey,1840,6848
Turkey,1845,7021
Turkey,1850,7200
Turkey,1855,7571
Turkey,1860,7961
Turkey,1865,8371
Turkey,1870,8802
Turkey,1875,9256
Turkey,1880,9733
Turkey,1885,10235
Turkey,1890,10762
Turkey,1895,11317
Turkey,1900,11900
Turkey,1901,11981
Turkey,1902,12063
Turkey,1903,12145
Turkey,1904,12228
Turkey,1905,12311
Turkey,1906,12395
Turkey,1907,12480
Turkey,1908,12565
Turkey,1909,12651
Turkey,1910,12737
Turkey,1911,12924
Turkey,1912,12912
Turkey,1913,13000
Turkey,1914,13085
Turkey,1915,13171
Turkey,1916,13257
Turkey,1917,13244
Turkey,1918,13031
Turkey,1919,12919
Turkey,1920,12908
Turkey,1921,12997
Turkey,1922,13087
Turkey,1923,13177
Turkey,1924,13268
Turkey,1925,13357
Turkey,1926,13449
Turkey,1927,13648.3
Turkey,1928,13843
Turkey,1929,14138
Turkey,1930,14440
Turkey,1931,14748
Turkey,1932,15062
Turkey,1933,15383
Turkey,1934,15711
Turkey,1935,16158
Turkey,1936,16352
Turkey,1937,16637
Turkey,1938,16926
Turkey,1939,17370
Turkey,1940,17821
Turkey,1941,17952
Turkey,1942,18143
Turkey,1943,18337
Turkey,1944,18532
Turkey,1945,18790.2
Turkey,1946,19074
Turkey,1947,19493
Turkey,1948,19922
Turkey,1949,20359
Turkey,1950,20947.2
Turkey,1951,21351
Turkey,1952,21951
Turkey,1953,22569
Turkey,1954,23204
Turkey,1955,24064.8
Turkey,1956,24540
Turkey,1957,25250
Turkey,1958,25981
Turkey,1959,26733
Turkey,1960,27754.8
Turkey,1961,28227
Turkey,1962,28931
Turkey,1963,29652
Turkey,1964,30391
Turkey,1965,31391.4
Turkey,1966,31936
Turkey,1967,32750
Turkey,1968,33586
Turkey,1969,34443
Turkey,1970,35605.2
Turkey,1971,36215
Turkey,1972,37132
Turkey,1973,38073
Turkey,1974,39037
Turkey,1975,40347.7
Turkey,1976,40916
Turkey,1977,41769
Turkey,1978,42641
Turkey,1979,43531
Turkey,1980,44737
Turkey,1981,45540
Turkey,1982,46688
Turkey,1983,47864
Turkey,1984,49070
Turkey,1985,50664.5
Turkey,1986,51433
Turkey,1987,52561
Turkey,1988,53715
Turkey,1989,54893
Turkey,1990,56473
Turkey,1991,57064
Turkey,1992,57931
Turkey,1993,58812
Turkey,1994,59706
Turkey,1995,60614
Turkey,1996,61536
Turkey,1997,62865.6
Turkey,1998,63451
Turkey,1999,64385
Turkey,2000,65311
Turkey,2001,66229
Turkey,2002,67140
Turkey,2003,68043
Turkey,2004,68938
Turkey,2005,69825
Turkey,2006,70703
Turkey,2007,71572
Turkey,2008,72431
Turkey,2009,73279
Turkey,2010,74119
Turkey,2015,79251
Turkey,2020,83442
Turkey,2025,87312
Turkey,2030,90761
Turkey,2050,103656
United Kingdom,188,30998.3
United Kingdom,188,32238.7
United Kingdom,189,34177.1
United Kingdom,189,35273.7
United Kingdom,1801,10500.9
United Kingdom,1806,11380
United Kingdom,1811,11970.2
United Kingdom,1816,13160
United Kingdom,1821,14091.7
United Kingdom,1826,15300
United Kingdom,1831,16261.2
United Kingdom,1834,16970
United Kingdom,1837,17620
United Kingdom,1841,18534.3
United Kingdom,1844,19240
United Kingdom,1847,19950
United Kingdom,1851,20816.8
United Kingdom,1854,21600
United Kingdom,1857,22270
United Kingdom,1861,23128.5
United Kingdom,1866,24363.4
United Kingdom,1869,25075.1
United Kingdom,1871,26072
United Kingdom,1874,27111.5
United Kingdom,1877,28108
United Kingdom,1881,29708.8
United Kingdom,1891,33400.2
United Kingdom,1900,35405.9
United Kingdom,1901,37518.1
United Kingdom,1902,37528.9
United Kingdom,1903,37957.5
United Kingdom,1904,38391.1
United Kingdom,1905,38829.5
United Kingdom,1906,39273.1
United Kingdom,1907,39721.7
United Kingdom,1908,40175.4
United Kingdom,1909,40634.2
United Kingdom,1910,40533.6
United Kingdom,1911,41126
United Kingdom,1912,41123.5
United Kingdom,1913,41334.4
United Kingdom,1914,41707.9
United Kingdom,1915,40129.7
United Kingdom,1916,39294.7
United Kingdom,1917,38521.3
United Kingdom,1918,38287
United Kingdom,1919,41620.1
United Kingdom,1920,42388.4
United Kingdom,1921,43716.5
United Kingdom,1922,44331.5
United Kingdom,1923,44563.1
United Kingdom,1924,44885.6
United Kingdom,1925,45040
United Kingdom,1926,45219.6
United Kingdom,1927,45433
United Kingdom,1928,45580
United Kingdom,1929,45670
United Kingdom,1930,45870
United Kingdom,1931,44937.4
United Kingdom,1932,46330
United Kingdom,1933,46250
United Kingdom,1934,46660
United Kingdom,1935,46870
United Kingdom,1936,46460
United Kingdom,1937,47290
United Kingdom,1938,47490
United Kingdom,1939,47760
United Kingdom,1940,48220
United Kingdom,1941,48220
United Kingdom,1942,48400
United Kingdom,1943,48790
United Kingdom,1944,49020
United Kingdom,1945,49190
United Kingdom,1946,49220
United Kingdom,1947,49520
United Kingdom,1948,50026
United Kingdom,1949,50324
United Kingdom,1950,50616
United Kingdom,1951,50562
United Kingdom,1952,50723
United Kingdom,1953,50862
United Kingdom,1954,51046
United Kingdom,1955,51199
United Kingdom,1956,51406
United Kingdom,1957,51632
United Kingdom,1958,51842
United Kingdom,1959,52128
United Kingdom,1960,52372
United Kingdom,1961,52816
United Kingdom,1962,53341
United Kingdom,1963,53678
United Kingdom,1964,54066
United Kingdom,1965,54436
United Kingdom,1966,54744
United Kingdom,1967,55068
United Kingdom,1968,55282
United Kingdom,1969,55534
United Kingdom,1970,55416
United Kingdom,1971,55606
United Kingdom,1972,55785
United Kingdom,1973,55913
United Kingdom,1974,55932
United Kingdom,1975,55890
United Kingdom,1976,55885
United Kingdom,1977,55852
United Kingdom,1978,55822
United Kingdom,1979,56284.9
United Kingdom,1980,56341
United Kingdom,1981,56329
United Kingdom,1982,56326.6
United Kingdom,1983,56441.3
United Kingdom,1984,56595.5
United Kingdom,1985,56768.5
United Kingdom,1986,56930.2
United Kingdom,1987,57083.5
United Kingdom,1988,57258
United Kingdom,1989,57459.3
United Kingdom,1990,57681
United Kingdom,1991,57899.6
United Kingdom,1992,58091.5
United Kingdom,1993,58277
United Kingdom,1994,58088
United Kingdom,1995,58533
United Kingdom,1996,58782
United Kingdom,1997,59009
United Kingdom,1998,59055
United Kingdom,1999,59501
United Kingdom,2000,59511.5
United Kingdom,2001,59648
United Kingdom,2005,59199
United Kingdom,2006,59987
United Kingdom,2010,59568
United Kingdom,2011,62382
United Kingdom,2015,59949
United Kingdom,2020,60315
United Kingdom,2025,60562
United Kingdom,2030,60570
United Kingdom,2050,54116
United States,1700,874
United States,1750,2059
United States,1790,3929.7
United States,1800,5308.5
United States,1805,6258
United States,1810,7239.9
United States,1815,8419
United States,1820,9638.4
United States,1825,11252
United States,1830,12866
United States,1833,14162
United States,1837,15843
United States,1840,17069.5
United States,1843,18957
United States,1847,21406
United States,1850,23191.9
United States,1853,25736
United States,1857,29037
United States,1860,31443.3
United States,1863,34026
United States,1867,37376
United States,1870,39818.4
United States,1873,43006
United States,1877,47141
United States,1880,50155.8
United States,1883,54100
United States,1887,59127
United States,1890,62974.7
United States,1893,66970
United States,1897,72129
United States,1900,76212.2
United States,1901,77584
United States,1902,79163
United States,1903,80632
United States,1904,82166
United States,1905,83822
United States,1906,85450
United States,1907,87008
United States,1908,88710
United States,1909,90490
United States,1910,92228.5
United States,1911,93863
United States,1912,95335
United States,1913,97225
United States,1914,99111
United States,1915,100546
United States,1916,101961
United States,1917,103268
United States,1918,103208
United States,1919,104514
United States,1920,106021.6
United States,1921,108538
United States,1922,110049
United States,1923,111947
United States,1924,114109
United States,1925,115829
United States,1926,117397
United States,1927,119035
United States,1928,120509
United States,1929,121770
United States,1930,123202.7
United States,1931,124149
United States,1932,124949
United States,1933,125690
United States,1934,126485
United States,1935,127362
United States,1936,128181
United States,1937,128961
United States,1938,129969
United States,1939,131028
United States,1940,132165.1
United States,1941,133402
United States,1942,134860
United States,1943,136739
United States,1944,138397
United States,1945,139928
United States,1946,141389
United States,1947,144126
United States,1948,146631
United States,1949,149188
United States,1950,151325.8
United States,1951,154287
United States,1952,156954
United States,1953,159565
United States,1954,162391
United States,1955,165275
United States,1956,168221
United States,1957,171274
United States,1958,174141
United States,1959,177073
United States,1960,179323.2
United States,1961,183691
United States,1962,186538
United States,1963,189242
United States,1964,191889
United States,1965,194303
United States,1966,196560
United States,1967,198712
United States,1968,200706
United States,1969,202677
United States,1970,203211.9
United States,1971,207661
United States,1972,209896
United States,1973,211909
United States,1974,213854
United States,1975,215973
United States,1976,218035
United States,1977,220239
United States,1978,222585
United States,1979,225055
United States,1980,226545.8
United States,1981,230138
United States,1982,232520
United States,1983,234799
United States,1984,237001
United States,1985,239279
United States,1986,241625
United States,1987,243942
United States,1988,246307
United States,1989,247342
United States,1990,248709.9
United States,1991,252643
United States,1992,255407
United States,1993,258120
United States,1994,260529
United States,1995,263119
United States,1996,265284
United States,1997,267636
United States,1998,270299
United States,1999,275562.7
United States,2000,281421.9
United States,2001,278059
United States,2005,286981
United States,2010,297205
United States,2015,306560
United States,2020,315268
United States,2025,322675
United States,2030,327987
United States,2050,394241
Hungary,1869,5014.2
Hungary,1880,5332.2
Hungary,1890,6012.1
Hungary,1900,6857.2
Hungary,1905,7354
Hungary,1906,7405
Hungary,1907,7457
Hungary,1908,7509
Hungary,1909,7562
Hungary,1910,7615.1
Hungary,1911,7693.8
Hungary,1912,7793.8
Hungary,1913,7885.3
Hungary,1914,7980.7
Hungary,1915,7980.4
Hungary,1916,7957.3
Hungary,1917,7926
Hungary,1918,7847.8
Hungary,1919,7909.1
Hungary,1920,7990.2
Hungary,1921,8068.3
Hungary,1922,8136.8
Hungary,1923,8209.2
Hungary,1924,8255.6
Hungary,1925,8341.6
Hungary,1926,8423.8
Hungary,1927,8484.2
Hungary,1928,8555
Hungary,1929,8610.3
Hungary,1930,8688.3
Hungary,1931,8742.9
Hungary,1932,8783.9
Hungary,1933,8840.5
Hungary,1934,8898.4
Hungary,1935,8943.5
Hungary,1936,8991.2
Hungary,1937,9038.2
Hungary,1938,9082.4
Hungary,1939,9129
Hungary,1940,9302.9
Hungary,1941,9356.6
Hungary,1942,9407
Hungary,1943,9453.1
Hungary,1944,9500
Hungary,1945,9020
Hungary,1946,9040
Hungary,1947,9165
Hungary,1948,9158
Hungary,1949,9249
Hungary,1950,9338
Hungary,1951,9432
Hungary,1952,9504
Hungary,1953,9595
Hungary,1954,9706
Hungary,1955,9825
Hungary,1956,9911
Hungary,1957,9840
Hungary,1958,9882
Hungary,1959,9937
Hungary,1960,9961
Hungary,1961,10007
Hungary,1962,10052
Hungary,1963,10074
Hungary,1964,10108
Hungary,1965,10140
Hungary,1966,10166
Hungary,1967,10203
Hungary,1968,10244
Hungary,1969,10284
Hungary,1970,10322
Hungary,1971,10352
Hungary,1972,10378
Hungary,1973,10410
Hungary,1974,10442
Hungary,1975,10501
Hungary,1976,10563
Hungary,1977,10615
Hungary,1978,10660
Hungary,1979,10687
Hungary,1980,10709
Hungary,1981,10705
Hungary,1982,10695
Hungary,1983,10671
Hungary,1984,10640
Hungary,1985,10599
Hungary,1986,10560
Hungary,1987,10509
Hungary,1988,10464
Hungary,1989,10421
Hungary,1990,10375
Hungary,1991,10373
Hungary,1992,10374
Hungary,1993,10365
Hungary,1994,10350
Hungary,1995,10337
Hungary,1996,10321
Hungary,1997,10301
Hungary,1998,10280
Hungary,1999,10253
Hungary,2000,10222
Hungary,2001,10200
Hungary,2002,10175
Norway,1771,739.2
Norway,1772,742.9
Norway,1773,735
Norway,1774,727.3
Norway,1775,731.8
Norway,1776,738.3
Norway,1777,745
Norway,1778,752.8
Norway,1779,758.4
Norway,1780,762.4
Norway,1781,768.9
Norway,1782,776
Norway,1783,780.2
Norway,1784,783.6
Norway,1785,784.3
Norway,1786,784.8
Norway,1787,789.6
Norway,1788,793.8
Norway,1789,795.5
Norway,1790,799
Norway,1791,806.4
Norway,1792,814.5
Norway,1793,823.6
Norway,1794,833.7
Norway,1795,843
Norway,1796,851.3
Norway,1797,859.8
Norway,1798,868.3
Norway,1799,877.5
Norway,1801,882.8
Norway,1802,883.4
Norway,1803,885.8
Norway,1804,889.1
Norway,1805,894.5
Norway,1806,901.9
Norway,1807,908.4
Norway,1808,911.2
Norway,1809,904.8
Norway,1810,898.1
Norway,1811,898.1
Norway,1812,901.9
Norway,1813,903.3
Norway,1814,902.1
Norway,1815,907.3
Norway,1816,919.2
Norway,1817,933.4
Norway,1818,945.8
Norway,1819,957.2
Norway,1820,970.1
Norway,1821,984.1
Norway,1822,997.8
Norway,1823,1012.7
Norway,1824,1028.1
Norway,1825,1044.2
Norway,1826,1061.9
Norway,1827,1078.6
Norway,1828,1093.3
Norway,1829,1108.4
Norway,1830,1123.7
Norway,1831,1137.4
Norway,1832,1150.5
Norway,1833,1163.2
Norway,1834,1174.8
Norway,1835,1188.1
Norway,1836,1202.4
Norway,1837,1213.9
Norway,1838,1224.2
Norway,1839,1232.6
Norway,1840,1241.1
Norway,1841,1254.4
Norway,1842,1270.6
Norway,1843,1286.2
Norway,1844,1301.8
Norway,1845,1319.2
Norway,1846,1336.7
Norway,1847,1351.3
Norway,1848,1363.4
Norway,1849,1376.6
Norway,1850,1391.9
Norway,1851,1408.9
Norway,1852,1425.5
Norway,1853,1439.8
Norway,1854,1457
Norway,1855,1478.7
Norway,1856,1500.6
Norway,1857,1520.7
Norway,1858,1543.2
Norway,1859,1569.8
Norway,1860,1596.1
Norway,1861,1613.9
Norway,1862,1627
Norway,1863,1646.4
Norway,1864,1668.3
Norway,1865,1690.1
Norway,1866,1706.9
Norway,1867,1716.1
Norway,1868,1723.8
Norway,1869,1729.2
Norway,1870,1735.4
Norway,1871,1744.9
Norway,1872,1755.1
Norway,1873,1766.8
Norway,1874,1783.2
Norway,1875,1803.1
Norway,1876,1828.9
Norway,1877,1851.6
Norway,1878,1876.8
Norway,1879,1902.1
Norway,1880,1919.1
Norway,1881,1922.9
Norway,1882,1919.8
Norway,1883,1919.3
Norway,1884,1929.1
Norway,1885,1943.9
Norway,1886,1958.3
Norway,1887,1969.8
Norway,1888,1976.6
Norway,1889,1984.3
Norway,1890,1996.9
Norway,1891,2012.5
Norway,1892,2026
Norway,1893,2037.8
Norway,1894,2056.7
Norway,1895,2083.1
Norway,1896,2111.7
Norway,1897,2141.7
Norway,1898,2173.8
Norway,1899,2204.1
Norway,1900,2218
Norway,1901,2243
Norway,1902,2266.8
Norway,1903,2284.1
Norway,1904,2291.4
Norway,1905,2303.6
Norway,1906,2313.5
Norway,1907,2324.8
Norway,1908,2333.1
Norway,1909,2358
Norway,1910,2377
Norway,1911,2390.4
Norway,1912,2411.2
Norway,1913,2435.2
Norway,1914,2458.6
Norway,1915,2486.3
Norway,1916,2509.3
Norway,1917,2535.1
Norway,1918,2566
Norway,1919,2589.5
Norway,1920,2616.3
Norway,1921,2653.1
Norway,1922,2682.7
Norway,1923,2707
Norway,1924,2719.2
Norway,1925,2738.3
Norway,1926,2755.3
Norway,1927,2770.9
Norway,1928,2778.9
Norway,1929,2790.5
Norway,1930,2799.7
Norway,1931,2815.2
Norway,1932,2832.6
Norway,1933,2850.5
Norway,1934,2866.2
Norway,1935,2882.2
Norway,1936,2896.2
Norway,1937,2910.8
Norway,1938,2926.7
Norway,1939,2944.9
Norway,1940,2963.9
Norway,1941,2982.2
Norway,1942,2998.2
Norway,1943,3019.5
Norway,1944,3045.3
Norway,1945,3075.1
Norway,1946,3107.3
Norway,1947,3146.5
Norway,1948,3183.5
Norway,1949,3218.5
Norway,1950,3250
Norway,1951,3280.3
Norway,1952,3311.4
Norway,1953,3344
Norway,1954,3377.8
Norway,1955,3410.7
Norway,1956,3445.7
Norway,1957,3475.9
Norway,1958,3508
Norway,1959,3538
Norway,1960,3567.7
Norway,1961,3594.8
Norway,1962,3624.8
Norway,1963,3653
Norway,1964,3680.1
Norway,1965,3708.6
Norway,1966,3737.7
Norway,1967,3768.3
Norway,1968,3800.8
Norway,1969,3832.2
Norway,1970,3863.2
Norway,1971,3888.3
Norway,1972,3917.8
Norway,1973,3948.2
Norway,1974,3973
Norway,1975,3997.5
Norway,1976,4017.1
Norway,1977,4035.2
Norway,1978,4051.2
Norway,1979,4066.1
Norway,1980,4078.9
Norway,1981,4092.3
Norway,1982,4107.1
Norway,1983,4122.5
Norway,1984,4134.4
Norway,1985,4145.9
Norway,1986,4159.2
Norway,1987,4175.5
Norway,1988,4198.3
Norway,1989,4220.7
Norway,1990,4233.1
Norway,1991,4249.8
Norway,1992,4273.6
Norway,1993,4299.2
Norway,1994,4324.8
Norway,1995,4348.4
Norway,1996,4370
Norway,1997,4392.7
Norway,1998,4417.6
Norway,1999,4445.3
Norway,2000,4478.5
Norway,2001,4503.4
Norway,2002,4524.1
Norway,2003,4552.3
Norway,2005,4575
Norway,2010,4692
Norway,2015,4790
Norway,2020,4888
Norway,2025,4987
Norway,2030,5085
Norway,2050,5220
France,1740,24600
France,1745,24600
France,1750,24500
France,1755,25000
France,1760,25700
France,1765,26100
France,1770,26600
France,1775,27000
France,1780,27550
France,1785,27650
France,1790,28100
France,1795,29100
France,1801,27349
France,1802,27880
France,1803,28270
France,1804,28980
France,1805,28920
France,1806,29107
France,1807,29130
France,1808,29150
France,1809,29200
France,1810,29280
France,1811,29350
France,1812,29370
France,1813,29330
France,1814,29340
France,1815,29380
France,1816,29480
France,1817,29700
France,1818,29880
France,1819,30060
France,1820,30250
France,1821,30462
France,1822,30700
France,1823,30940
France,1824,31190
France,1825,31410
France,1826,31600
France,1827,31800
France,1828,32000
France,1829,32380
France,1830,32370
France,1831,32569
France,1832,32730
France,1833,32890
France,1834,33070
France,1835,33260
France,1836,33541
France,1837,33690
France,1838,33790
France,1839,33940
France,1840,34080
France,1841,34230
France,1842,34450
France,1843,34660
France,1844,34900
France,1845,35160
France,1846,35402
France,1847,35470
France,1848,35520
France,1849,35550
France,1850,35630
France,1851,35783
France,1852,35950
France,1853,36070
France,1854,35230
France,1855,36080
France,1856,36190
France,1857,36300
France,1858,36340
France,1859,36500
France,1860,36510
France,1861,37386
France,1862,37520
France,1863,37710
France,1864,37860
France,1865,38020
France,1866,38106
France,1867,38230
France,1868,38330
France,1869,36820
France,1870,36870
France,1871,36190
France,1872,36140
France,1873,36340
France,1874,36490
France,1875,36660
France,1876,36830
France,1877,37000
France,1878,37180
France,1879,37320
France,1880,37450
France,1881,37590
France,1882,37730
France,1883,37860
France,1884,38010
France,1885,38110
France,1886,38230
France,1887,38200
France,1888,38290
France,1889,38370
France,1890,38380
France,1891,38350
France,1892,38360
France,1893,38380
France,1894,38420
France,1895,38400
France,1896,38520
France,1897,38600
France,1898,38800
France,1899,38900
France,1900,38900
France,1901,38980
France,1902,39050
France,1903,39120
France,1904,39190
France,1905,39220
France,1906,39270
France,1907,39270
France,1908,39370
France,1909,39430
France,1910,39540
France,1911,39620
France,1912,39670
France,1913,39770
France,1914,33220
France,1915,33380
France,1916,32850
France,1917,32500
France,1918,32830
France,1919,31970
France,1920,39000
France,1921,39240
France,1922,39420
France,1923,39880
France,1924,40310
France,1925,40610
France,1926,40870
France,1927,40940
France,1928,41050
France,1929,41230
France,1930,41610
France,1931,41860
France,1932,41860
France,1933,41890
France,1934,41950
France,1935,41940
France,1936,41910
France,1937,41930
France,1938,41960
France,1939,40000
France,1940,39000
France,1941,37800
France,1942,37700
France,1943,37080
France,1944,36500
France,1945,38000
France,1946,40320
France,1947,40740
France,1948,41210
France,1949,41600
France,1950,41829
France,1951,42034
France,1952,42324
France,1953,42668
France,1954,43040
France,1955,43428
France,1956,43825
France,1957,44236
France,1958,44673
France,1959,45150
France,1960,45684
France,1961,46277
France,1962,46917
France,1963,47572
France,1964,48196
France,1965,48758
France,1966,49243
France,1967,49661
France,1968,50034
France,1969,50396
France,1970,50772
France,1971,51171
France,1972,51581
France,1973,51988
France,1974,52366
France,1975,52699
France,1976,52983
France,1977,53228
France,1978,53446
France,1979,53658
France,1980,53880
France,1981,54115
France,1982,54360
France,1983,54618
France,1984,54888
France,1985,55170
France,1986,55467
France,1987,55776
France,1988,56092
France,1989,56408
France,1990,56718
France,1991,57019
France,1992,57311
France,1993,57591
France,1994,57856
France,1995,58104
France,1996,58375
France,1997,58610
France,1998,58847
France,1999,58512.9
France,2000,59329.7
France,2001,59551
France,2005,60282
France,2010,60993
France,2015,61585
France,2020,62121
France,2025,62555
France,2030,62661
France,2050,58219
Latvia,1907,2140.6
Latvia,1910,2216
Latvia,1913,2493
Latvia,1914,2542
Latvia,1915,2590.8
Latvia,1919,1503.2
Latvia,1920,1596
Latvia,1923,1885.9
Latvia,1924,1909.7
Latvia,1925,1844.8
Latvia,1926,1857
Latvia,1930,1900.1
Latvia,1935,1950.5
Latvia,1936,1960
Latvia,1937,1964.3
Latvia,1938,1971
Latvia,1939,1994.5
Latvia,1940,2036
Latvia,1941,2062
Latvia,1942,2049
Latvia,1943,2036
Latvia,1944,2024
Latvia,1945,2011
Latvia,1946,1998
Latvia,1947,1986
Latvia,1948,1974
Latvia,1949,1961
Latvia,1950,1943
Latvia,1951,1955
Latvia,1952,1966
Latvia,1953,1980
Latvia,1954,1997
Latvia,1955,2015
Latvia,1956,2035
Latvia,1957,2056
Latvia,1958,2079
Latvia,1959,2079.9
Latvia,1960,2099.3
Latvia,1961,2130.5
Latvia,1962,2184
Latvia,1963,2213
Latvia,1964,2217
Latvia,1965,2240.6
Latvia,1966,2265.7
Latvia,1967,2285
Latvia,1968,2333
Latvia,1969,2323
Latvia,1970,2351.9
Latvia,1971,2366.4
Latvia,1972,2409
Latvia,1973,2430
Latvia,1974,2454
Latvia,1975,2447.7
Latvia,1976,2464.5
Latvia,1977,2499
Latvia,1978,2509
Latvia,1979,2502.8
Latvia,1980,2508.8
Latvia,1981,2514.6
Latvia,1982,2524.2
Latvia,1983,2538
Latvia,1984,2554.1
Latvia,1985,2570
Latvia,1986,2587.7
Latvia,1987,2612.1
Latvia,1988,2641.1
Latvia,1989,2666.6
Latvia,1990,2673.5
Latvia,1991,2667.9
Latvia,1992,2657
Latvia,1993,2606.2
Latvia,1994,2565.9
Latvia,1995,2529.5
Latvia,1996,2501.7
Latvia,1997,2479.9
Latvia,1998,2458.4
Latvia,1999,2439.4
Latvia,2000,2375.3
Latvia,2001,2364.3
Latvia,2002,2345.8
Latvia,2005,2559
Latvia,2010,2563
Latvia,2015,2565
Latvia,2020,2563
Latvia,2025,2559
Latvia,2030,2554
Latvia,2050,1659
